pair_id,pairing,prompt_idx,prompt_text,left_system,right_system,is_catch,expected_catch_answer,composite_path,left_full_path,right_full_path,left_source_video,right_source_video
pair_001,ours_vs_base,65,"A dynamic moment captured in a candid street photography style, showcasing a cyclist in mid-collision with a stop sign. The cyclist, wearing a helmet and a casual t-shirt, is leaning forward with a determined expression, arms outstretched as if bracing for impact. The stop sign, made of metal, bends slightly under the force, creating a dramatic tension. The background features a busy urban street with blurred cars and pedestrians, adding to the sense of movement and chaos. The cyclist's bicycle is visible behind them, still upright but damaged. The photo has a gritty, documentary-like quality. A medium shot with the cyclist in the foreground, taken from a slightly elevated angle.",adapted_base,ours,False,,stimuli/pair_001.mp4,stimuli/full/pair_001_A_full.mp4,stimuli/full/pair_001_B_full.mp4,finals128/abase_p065.mp4,finals128/av2_p065.mp4
pair_002,ours_vs_sf,90,"A close-up shot of a pair of deep brown eyes, capturing the subtle emotions and reflections within them. The eyes appear to be looking directly at the viewer, with a mix of contemplation and introspection. The iris is ringed with a thin, dark brown pupil, and the whites of the eyes have a slight glow. The eyelashes are long and thick, adding to the intensity of the gaze. The reflection in the eyes shows a blurred background of a quiet, sunlit room with a few books and a vase of flowers. The photo has a soft, naturalistic quality, emphasizing the intricate details of the eyes. A close-up shot with a shallow depth of field, focusing on the eyes.",self_forcing,ours,False,,stimuli/pair_002.mp4,stimuli/full/pair_002_A_full.mp4,stimuli/full/pair_002_B_full.mp4,finals128/sfd_p090.mp4,finals128/av2_p090.mp4
pair_003,ours_vs_sf,80,"A dramatic chandelier made of intricate crystal prisms hangs from the ceiling, casting a dazzling array of light beams and rainbows across the room. The chandelier is positioned in the center of the space, its prisms reflecting and refracting light in every direction. The room is filled with a warm, golden glow, creating a mesmerizing effect on the walls and floor. The background features a luxurious, ornate setting with elegant furniture and rich textiles, enhancing the opulence of the scene. The camera angle is slightly elevated, capturing the full grandeur of the chandelier and the interplay of light and color.",self_forcing,ours,False,,stimuli/pair_003.mp4,stimuli/full/pair_003_A_full.mp4,stimuli/full/pair_003_B_full.mp4,finals128/sfd_p080.mp4,finals128/av2_p080.mp4
pair_004,ours_vs_base,125,"A winter storm scene in Johannesburg, South Africa, where a woman walks leisurely with a gentle breeze blowing. She wears a vibrant green dress and a sun hat, adding a pop of color against the gloomy sky. Her steps are steady and graceful, and she carries an umbrella, shielding herself from the rain. The background features tall buildings and bustling streets, with blurred silhouettes of people and vehicles in the distance. The sky is overcast, with dark clouds and occasional flashes of lightning, creating a dramatic yet serene atmosphere. A medium shot capturing her walking down the street from a slightly elevated angle.",ours,adapted_base,False,,stimuli/pair_004.mp4,stimuli/full/pair_004_A_full.mp4,stimuli/full/pair_004_B_full.mp4,finals128/av2_p125.mp4,finals128/abase_p125.mp4
pair_005,ours_vs_base,30,"A close-up shot of a drink being poured over ice, showcasing the detailed flow of liquid interacting with the ice cubes. The drink cascades down, creating ripples and splashes on the surface of the ice, which glistens under the soft lighting. The glass holds a clear, amber-colored liquid, and the ice cubes sparkle with tiny droplets of condensation. The background is blurred, highlighting the dynamic interaction between the drink and the ice. The photo has a crisp, natural lighting style, emphasizing the fluid motion and the sparkling ice. A close-up from a slightly downward angle.",ours,adapted_base,False,,stimuli/pair_005.mp4,stimuli/full/pair_005_A_full.mp4,stimuli/full/pair_005_B_full.mp4,finals128/av2_p030.mp4,finals128/abase_p030.mp4
pair_006,ours_vs_base,110,"A realistic style paper origami dragon riding a boat through waves, with intricate folds and textures. The dragon has a fierce expression, its eyes glowing with intensity, and its scales shimmering in the sunlight. It is perched on the edge of the boat, wings partially spread, ready to take flight. The boat bobs up and down with the waves, creating a dynamic motion. The water is choppy, with ripples and splashes around the boat, adding to the sense of movement. The background features a clear blue sky with fluffy clouds, and a few seagulls flying overhead. A mid-shot capturing the dragon's powerful stance and the boat's motion.",ours,adapted_base,False,,stimuli/pair_006.mp4,stimuli/full/pair_006_A_full.mp4,stimuli/full/pair_006_B_full.mp4,finals128/av2_p110.mp4,finals128/abase_p110.mp4
pair_007,ours_vs_sf,55,"A fantasy illustration in a whimsical watercolor style depicting a person walking up a staircase made of fluffy white clouds, leading to a majestic floating castle. The person, wearing a flowing robe with intricate patterns, has a serene and determined expression. Their feet gently touch each cloud step, creating a soft, ethereal effect. The floating castle, with its towers and spires, appears to be partially submerged in a shimmering mist. The background features a vibrant sky with pastel hues and wispy clouds, adding to the dreamlike atmosphere. A medium shot capturing the person ascending the staircase from a slightly elevated angle.",self_forcing,ours,False,,stimuli/pair_007.mp4,stimuli/full/pair_007_A_full.mp4,stimuli/full/pair_007_B_full.mp4,finals128/sfd_p055.mp4,finals128/av2_p055.mp4
pair_008,ours_vs_sf,100,"A dramatic landscape photograph showcasing a waterfall cascading down a rocky pedestal, with the camera positioned to capture the full descent from the top to the pool of water and mist at its base. The pedestal is jagged and weathered, with moss and lichen growing on its surface. The water creates a veil of mist as it splashes into the pool below, which is surrounded by lush greenery and rocks. The background features a series of smaller waterfalls and a dense forest, with sunlight filtering through the canopy. The photo has a natural and serene quality, emphasizing the dynamic movement of the water. A wide-angle shot from a slightly downward angle.",ours,self_forcing,False,,stimuli/pair_008.mp4,stimuli/full/pair_008_A_full.mp4,stimuli/full/pair_008_B_full.mp4,finals128/av2_p100.mp4,finals128/sfd_p100.mp4
pair_009,ours_vs_base,12,"A macro shot of a leaf, showcasing intricate details where tiny trains move through its veins. The leaf is emerald green with a glossy surface, and its veins are clearly visible, appearing like miniature train tracks winding through the center. The trains, small and metallic, are depicted in a steampunk style, with smoke trails and wheels that seem almost lifelike. The background is blurred, highlighting the textures and patterns of the leaf, creating a surreal and magical atmosphere. The lighting is soft and diffused, enhancing the depth and realism of the scene.",adapted_base,ours,True,B,stimuli/pair_009.mp4,stimuli/full/pair_009_A_full.mp4,stimuli/full/pair_009_B_full.mp4,finals128/abase_p012.mp4,finals128/av2_p012.mp4
pair_010,ours_vs_base,35,"A charming Japanese-style village nestled in a serene valley is surrounded by a sea of blooming cherry blossoms, with petals gently floating through the air. Villagers in traditional attire go about their daily activities, adding a lively and harmonious touch to the scene. The village features wooden houses with thatched roofs, a small stream flowing nearby, and a few children playing among the flowers. The background showcases a hazy, warm spring day with soft, diffused sunlight filtering through the trees. A wide-angle shot capturing the village from a slightly elevated angle.",adapted_base,ours,False,,stimuli/pair_010.mp4,stimuli/full/pair_010_A_full.mp4,stimuli/full/pair_010_B_full.mp4,finals128/abase_p035.mp4,finals128/av2_p035.mp4
pair_011,ours_vs_skyr,15,"A stunning Santorini landscape photo captured during the blue hour, featuring a red panda and a toucan strolling hand-in-hand through the picturesque village. The red panda, with its distinctive reddish-brown fur and large round eyes, carries a small backpack, while the toucan, with its vibrant orange and black feathers and a large curved beak, holds a colorful flower. They walk along a winding cobblestone path, passing by whitewashed buildings with blue doors and windows. The setting sun casts a soft golden glow, creating a warm and serene atmosphere. The sky is painted with shades of blue and purple, with a few twinkling stars beginning to appear. A wide-angle shot from a slightly elevated angle, capturing the intimate moment between these two unlikely friends.",skyreels_v2_df,ours,False,,stimuli/pair_011.mp4,stimuli/full/pair_011_A_full.mp4,stimuli/full/pair_011_B_full.mp4,finals128/skyr_p015.mp4,finals128/av2_p015.mp4
pair_012,ours_vs_skyr,109,"A miniature 3D render in an octane engine style depicting adorable wool and felt monsters dancing together in a dreamy, bokeh-filled setting. These soft, cuddly creatures, with big expressive eyes and fluffy bodies, are illuminated by gentle, diffused lighting that casts a warm, ethereal glow. The background features a soft, hazy backdrop with a dreamy bokeh effect, adding a cinematic quality to the scene. The monsters are shown from various angles, capturing their playful movements and expressions, creating a charming and enchanting atmosphere. A medium shot with a dynamic camera angle, highlighting the natural and joyful dance of these woolen monsters.",ours,adapted_base,True,A,stimuli/pair_012.mp4,stimuli/full/pair_012_A_full.mp4,stimuli/full/pair_012_B_full.mp4,finals128/av2_p109.mp4,finals128/abase_p109.mp4
pair_013,ours_vs_skyr,120,"A vibrant and festive scene in Antarctica, where a toy robot dressed in a bright green dress and adorned with a sunny yellow sun hat takes a pleasant stroll. The robot's movements are graceful and lively, its arms swinging naturally as it explores the icy landscape. The background features a colorful and lively atmosphere, with various decorations and people in festive attire. The setting sun casts a warm glow, creating a magical and enchanting environment. The photo has a playful and whimsical style, capturing the essence of a joyful celebration. A medium shot with the robot walking towards the viewer, taken from a slightly elevated angle.",skyreels_v2_df,ours,False,,stimuli/pair_013.mp4,stimuli/full/pair_013_A_full.mp4,stimuli/full/pair_013_B_full.mp4,finals128/skyr_p120.mp4,finals128/av2_p120.mp4
pair_014,ours_vs_base,0,"A vibrant children's party scene featuring a father blowing up a balloon for his excited child at a birthday celebration. The father has a warm smile and concentrated expression, his hands working diligently to inflate the balloon. His child stands nearby, eagerly watching with wide eyes and a bright smile. The background shows a colorful party setting with balloons, streamers, and a cake, creating a joyful and lively atmosphere. The father is dressed casually in a blue shirt and jeans, while the child wears a matching party hat. The photo captures the moment from a slightly elevated angle, emphasizing the interaction between the father and child.",ours,adapted_base,False,,stimuli/pair_014.mp4,stimuli/full/pair_014_A_full.mp4,stimuli/full/pair_014_B_full.mp4,finals128/av2_p000.mp4,finals128/abase_p000.mp4
pair_015,ours_vs_base,43,"A vibrant and lively farmer’s market scene, captured in a dynamic street photography style. Vendors set up colorful stalls, each displaying an array of fresh fruits and vegetables, ranging from bright red tomatoes to crisp green cucumbers. People meander through the market, their faces lit with interest as they inspect the produce, haggling prices and chatting with vendors. The air is filled with the sweet scent of ripe berries and the chatter of the crowd. Shoppers hold bags and baskets, their expressions full of joy and discovery. The background shows a bustling backdrop of other stalls, with customers and vendors interacting in a lively exchange. A medium shot with a slightly elevated angle, capturing the energy and vibrancy of the market.",adapted_base,ours,True,B,stimuli/pair_015.mp4,stimuli/full/pair_015_A_full.mp4,stimuli/full/pair_015_B_full.mp4,finals128/abase_p043.mp4,finals128/av2_p043.mp4
pair_016,ours_vs_skyr,65,"A dynamic moment captured in a candid street photography style, showcasing a cyclist in mid-collision with a stop sign. The cyclist, wearing a helmet and a casual t-shirt, is leaning forward with a determined expression, arms outstretched as if bracing for impact. The stop sign, made of metal, bends slightly under the force, creating a dramatic tension. The background features a busy urban street with blurred cars and pedestrians, adding to the sense of movement and chaos. The cyclist's bicycle is visible behind them, still upright but damaged. The photo has a gritty, documentary-like quality. A medium shot with the cyclist in the foreground, taken from a slightly elevated angle.",ours,skyreels_v2_df,False,,stimuli/pair_016.mp4,stimuli/full/pair_016_A_full.mp4,stimuli/full/pair_016_B_full.mp4,finals128/av2_p065.mp4,finals128/skyr_p065.mp4
pair_017,ours_vs_sf,40,"A serene lakeside cabin sits by the water’s edge, with a wooden dock extending into the lake where a rowboat gently bobs with the water’s movement. The cabin, painted in soft wooden tones, has a charming rustic charm, with a thatched roof and large windows overlooking the tranquil lake. Inside, faint hints of warmth from a fireplace can be seen through the window. The dock is lined with weathered planks, and the rowboat, tied to a post, appears ready for a peaceful outing. The background features a gentle sunset, casting a warm glow over the water and the surrounding trees, creating a picturesque and serene scene. A medium shot from a slightly elevated angle capturing both the cabin and the dock.",ours,self_forcing,False,,stimuli/pair_017.mp4,stimuli/full/pair_017_A_full.mp4,stimuli/full/pair_017_B_full.mp4,finals128/av2_p040.mp4,finals128/sfd_p040.mp4
pair_018,ours_vs_sf,18,"A dynamic motion shot of a paper airplane transforming into a swan. The pointed nose gradually elongates into a graceful neck and head, with delicate feathers emerging from the once-flat surface. The wings unfold and expand, their edges gaining volume and texture. The tail section splits into webbed feet, adding to the swan's form. As the transformation completes, the swan's pristine white plumage shines, and its beak takes shape from the final fold of the paper. The camera moves around the paper airplane, capturing each stage of the transformation from various angles, emphasizing the fluidity and elegance of the process.",adapted_base,ours,True,B,stimuli/pair_018.mp4,stimuli/full/pair_018_A_full.mp4,stimuli/full/pair_018_B_full.mp4,finals128/abase_p018.mp4,finals128/av2_p018.mp4
pair_019,ours_vs_sf,65,"A dynamic moment captured in a candid street photography style, showcasing a cyclist in mid-collision with a stop sign. The cyclist, wearing a helmet and a casual t-shirt, is leaning forward with a determined expression, arms outstretched as if bracing for impact. The stop sign, made of metal, bends slightly under the force, creating a dramatic tension. The background features a busy urban street with blurred cars and pedestrians, adding to the sense of movement and chaos. The cyclist's bicycle is visible behind them, still upright but damaged. The photo has a gritty, documentary-like quality. A medium shot with the cyclist in the foreground, taken from a slightly elevated angle.",self_forcing,ours,False,,stimuli/pair_019.mp4,stimuli/full/pair_019_A_full.mp4,stimuli/full/pair_019_B_full.mp4,finals128/sfd_p065.mp4,finals128/av2_p065.mp4
pair_020,ours_vs_sf,85,"A captivating photograph in a realistic style, capturing the mesmerizing dance of boiling water in a pot. The bubbles rise rapidly, burst with tiny explosions, and send ripples across the water's surface, creating a dynamic and chaotic yet beautiful scene. The steam rises gently, adding to the vividness of the moment. The background is a clean, uncluttered kitchen with minimal lighting, highlighting the intense activity in the pot. The camera angle is slightly elevated, providing a clear view of the bubbling water and its reflections.",self_forcing,ours,False,,stimuli/pair_020.mp4,stimuli/full/pair_020_A_full.mp4,stimuli/full/pair_020_B_full.mp4,finals128/sfd_p085.mp4,finals128/av2_p085.mp4
pair_021,ours_vs_base,15,"A stunning Santorini landscape photo captured during the blue hour, featuring a red panda and a toucan strolling hand-in-hand through the picturesque village. The red panda, with its distinctive reddish-brown fur and large round eyes, carries a small backpack, while the toucan, with its vibrant orange and black feathers and a large curved beak, holds a colorful flower. They walk along a winding cobblestone path, passing by whitewashed buildings with blue doors and windows. The setting sun casts a soft golden glow, creating a warm and serene atmosphere. The sky is painted with shades of blue and purple, with a few twinkling stars beginning to appear. A wide-angle shot from a slightly elevated angle, capturing the intimate moment between these two unlikely friends.",adapted_base,ours,False,,stimuli/pair_021.mp4,stimuli/full/pair_021_A_full.mp4,stimuli/full/pair_021_B_full.mp4,finals128/abase_p015.mp4,finals128/av2_p015.mp4
pair_022,ours_vs_skyr,20,"A whimsical cartoon-style illustration of two llamas and two emus playing a game of chess on a grassy field. The llamas, with their distinctive humpbacks and woolly coats, are positioned on one side of the chessboard, while the emus, with their long necks and feathered plumage, stand on the other side. Both animals look focused and engaged, with the llamas wearing playful smiles and the emus displaying curious expressions. The chessboard is elaborately decorated with intricate patterns and vibrant colors. The background features a lush, sunlit meadow with wildflowers and tall grass swaying gently in the breeze. A medium shot from a slightly elevated angle, capturing both sets of players and the board in full detail.",ours,skyreels_v2_df,False,,stimuli/pair_022.mp4,stimuli/full/pair_022_A_full.mp4,stimuli/full/pair_022_B_full.mp4,finals128/av2_p020.mp4,finals128/skyr_p020.mp4
pair_023,ours_vs_skyr,90,"A close-up shot of a pair of deep brown eyes, capturing the subtle emotions and reflections within them. The eyes appear to be looking directly at the viewer, with a mix of contemplation and introspection. The iris is ringed with a thin, dark brown pupil, and the whites of the eyes have a slight glow. The eyelashes are long and thick, adding to the intensity of the gaze. The reflection in the eyes shows a blurred background of a quiet, sunlit room with a few books and a vase of flowers. The photo has a soft, naturalistic quality, emphasizing the intricate details of the eyes. A close-up shot with a shallow depth of field, focusing on the eyes.",ours,skyreels_v2_df,False,,stimuli/pair_023.mp4,stimuli/full/pair_023_A_full.mp4,stimuli/full/pair_023_B_full.mp4,finals128/av2_p090.mp4,finals128/skyr_p090.mp4
pair_024,ours_vs_base,10,"Low-fi handheld camera footage captures a man transforming into a superhero in the dense forest of the Pacific Northwest. The man, with rugged features and tousled brown hair, is wearing a plain t-shirt and jeans. As he shifts, his clothes stretch and crackle, revealing a sleek, spandex-like suit with glowing, blue accents. His eyes glow with a mysterious, otherworldly light. The forest backdrop is filled with towering evergreens, dappled sunlight, and fallen leaves. The camera angle is slightly shaky, adding to the raw, documentary feel. The transformation sequence is captured in a series of quick, dynamic shots, emphasizing the man's movements and the forest's vibrant, natural beauty.",adapted_base,ours,False,,stimuli/pair_024.mp4,stimuli/full/pair_024_A_full.mp4,stimuli/full/pair_024_B_full.mp4,finals128/abase_p010.mp4,finals128/av2_p010.mp4
pair_025,ours_vs_sf,75,"A first-person point-of-view (FPV) shot with a tracking camera, capturing a scooter zooming through the aisles of a bustling supermarket. The scooter speeds past shoppers, skidding around sharp turns and leaping over shopping carts with impressive agility. The scene blends everyday supermarket chaos with high-speed action, creating a thrilling, fast-paced grocery-store race. The motion is hyperspeed and dynamic, with the scooter leaving a blur of motion behind. The background shows crowded aisles, shelves filled with groceries, and people rushing to get their items. The overall atmosphere is intense and exciting.",ours,self_forcing,False,,stimuli/pair_025.mp4,stimuli/full/pair_025_A_full.mp4,stimuli/full/pair_025_B_full.mp4,finals128/av2_p075.mp4,finals128/sfd_p075.mp4
pair_026,ours_vs_skyr,125,"A winter storm scene in Johannesburg, South Africa, where a woman walks leisurely with a gentle breeze blowing. She wears a vibrant green dress and a sun hat, adding a pop of color against the gloomy sky. Her steps are steady and graceful, and she carries an umbrella, shielding herself from the rain. The background features tall buildings and bustling streets, with blurred silhouettes of people and vehicles in the distance. The sky is overcast, with dark clouds and occasional flashes of lightning, creating a dramatic yet serene atmosphere. A medium shot capturing her walking down the street from a slightly elevated angle.",skyreels_v2_df,ours,False,,stimuli/pair_026.mp4,stimuli/full/pair_026_A_full.mp4,stimuli/full/pair_026_B_full.mp4,finals128/skyr_p125.mp4,finals128/av2_p125.mp4
pair_027,ours_vs_sf,110,"A realistic style paper origami dragon riding a boat through waves, with intricate folds and textures. The dragon has a fierce expression, its eyes glowing with intensity, and its scales shimmering in the sunlight. It is perched on the edge of the boat, wings partially spread, ready to take flight. The boat bobs up and down with the waves, creating a dynamic motion. The water is choppy, with ripples and splashes around the boat, adding to the sense of movement. The background features a clear blue sky with fluffy clouds, and a few seagulls flying overhead. A mid-shot capturing the dragon's powerful stance and the boat's motion.",self_forcing,ours,False,,stimuli/pair_027.mp4,stimuli/full/pair_027_A_full.mp4,stimuli/full/pair_027_B_full.mp4,finals128/sfd_p110.mp4,finals128/av2_p110.mp4
pair_028,ours_vs_base,115,"A vibrant and lively illustration in the style of a retro comic book depicting a toy robot wearing blue jeans and a white T-shirt taking a pleasant stroll in Mumbai, India. The sun is setting, casting a warm golden glow over the bustling city streets. The robot walks confidently, arms swinging naturally, with a friendly smile on its face. The background features a mix of colorful buildings, street vendors, and people going about their evening routines. The sky is painted with deep orange and pink hues, reflecting the beauty of the sunset. A dynamic mid-shot with the robot seen from a slightly elevated angle, capturing its natural movements.",adapted_base,ours,False,,stimuli/pair_028.mp4,stimuli/full/pair_028_A_full.mp4,stimuli/full/pair_028_B_full.mp4,finals128/abase_p115.mp4,finals128/av2_p115.mp4
pair_029,ours_vs_skyr,10,"Low-fi handheld camera footage captures a man transforming into a superhero in the dense forest of the Pacific Northwest. The man, with rugged features and tousled brown hair, is wearing a plain t-shirt and jeans. As he shifts, his clothes stretch and crackle, revealing a sleek, spandex-like suit with glowing, blue accents. His eyes glow with a mysterious, otherworldly light. The forest backdrop is filled with towering evergreens, dappled sunlight, and fallen leaves. The camera angle is slightly shaky, adding to the raw, documentary feel. The transformation sequence is captured in a series of quick, dynamic shots, emphasizing the man's movements and the forest's vibrant, natural beauty.",skyreels_v2_df,ours,False,,stimuli/pair_029.mp4,stimuli/full/pair_029_A_full.mp4,stimuli/full/pair_029_B_full.mp4,finals128/skyr_p010.mp4,finals128/av2_p010.mp4
pair_030,ours_vs_sf,0,"A vibrant children's party scene featuring a father blowing up a balloon for his excited child at a birthday celebration. The father has a warm smile and concentrated expression, his hands working diligently to inflate the balloon. His child stands nearby, eagerly watching with wide eyes and a bright smile. The background shows a colorful party setting with balloons, streamers, and a cake, creating a joyful and lively atmosphere. The father is dressed casually in a blue shirt and jeans, while the child wears a matching party hat. The photo captures the moment from a slightly elevated angle, emphasizing the interaction between the father and child.",self_forcing,ours,False,,stimuli/pair_030.mp4,stimuli/full/pair_030_A_full.mp4,stimuli/full/pair_030_B_full.mp4,finals128/sfd_p000.mp4,finals128/av2_p000.mp4
pair_031,ours_vs_sf,95,"A sweeping panoramic view to the right through a majestic ballroom, showcasing opulent decor with chandeliers casting a warm glow. The room is filled with elegantly dressed couples dancing gracefully, their movements fluid and refined. Rich fabrics, intricate lace, and shimmering jewels adorn the guests, creating a stunning visual spectacle. Ornate wallpaper and grand columns add to the grandeur, while the background hints at a large dance floor and ornate mirrors reflecting the joyful scene. The camera angle provides a sweeping vista, capturing the essence of a grand and enchanting ballroom setting.",self_forcing,ours,False,,stimuli/pair_031.mp4,stimuli/full/pair_031_A_full.mp4,stimuli/full/pair_031_B_full.mp4,finals128/sfd_p095.mp4,finals128/av2_p095.mp4
pair_032,ours_vs_base,105,"A handheld shot navigating through a bustling Chinese market, weaving between colorful stalls and capturing the lively atmosphere. The camera moves fluidly, showcasing various vendors selling fresh produce, spices, and handmade crafts. The market is filled with the sounds of haggling, the scent of street food, and the chatter of shoppers. People are seen carrying baskets and bags, their faces reflecting the excitement and activity. The background features a mix of traditional architecture and modern structures, with signs in both Chinese and English. The photo has a documentary-style texture, emphasizing the dynamic movement and vibrant energy of the scene. A handheld shot with a dynamic camera movement.",adapted_base,ours,False,,stimuli/pair_032.mp4,stimuli/full/pair_032_A_full.mp4,stimuli/full/pair_032_B_full.mp4,finals128/abase_p105.mp4,finals128/av2_p105.mp4
pair_033,ours_vs_base,55,"A fantasy illustration in a whimsical watercolor style depicting a person walking up a staircase made of fluffy white clouds, leading to a majestic floating castle. The person, wearing a flowing robe with intricate patterns, has a serene and determined expression. Their feet gently touch each cloud step, creating a soft, ethereal effect. The floating castle, with its towers and spires, appears to be partially submerged in a shimmering mist. The background features a vibrant sky with pastel hues and wispy clouds, adding to the dreamlike atmosphere. A medium shot capturing the person ascending the staircase from a slightly elevated angle.",ours,adapted_base,False,,stimuli/pair_033.mp4,stimuli/full/pair_033_A_full.mp4,stimuli/full/pair_033_B_full.mp4,finals128/av2_p055.mp4,finals128/abase_p055.mp4
pair_034,ours_vs_skyr,35,"A charming Japanese-style village nestled in a serene valley is surrounded by a sea of blooming cherry blossoms, with petals gently floating through the air. Villagers in traditional attire go about their daily activities, adding a lively and harmonious touch to the scene. The village features wooden houses with thatched roofs, a small stream flowing nearby, and a few children playing among the flowers. The background showcases a hazy, warm spring day with soft, diffused sunlight filtering through the trees. A wide-angle shot capturing the village from a slightly elevated angle.",skyreels_v2_df,ours,False,,stimuli/pair_034.mp4,stimuli/full/pair_034_A_full.mp4,stimuli/full/pair_034_B_full.mp4,finals128/skyr_p035.mp4,finals128/av2_p035.mp4
pair_035,ours_vs_sf,25,"A vintage film-style photograph captures a moment between two women, one whispering a secret into the other's ear. The woman whispering has long wavy brown hair cascading down her back, soft hazel eyes, and a gentle smile. She leans in closely, her lips barely moving. The woman listening has curly blonde hair and a warm, inviting expression, her eyes wide with interest. They are seated on a wooden bench in a park, with a blurred background of trees and a gently flowing stream. The scene is bathed in golden afternoon light, creating a warm and intimate atmosphere. A medium shot with the camera slightly elevated, capturing the emotional exchange between them.",ours,self_forcing,False,,stimuli/pair_035.mp4,stimuli/full/pair_035_A_full.mp4,stimuli/full/pair_035_B_full.mp4,finals128/av2_p025.mp4,finals128/sfd_p025.mp4
pair_036,ours_vs_sf,125,"A winter storm scene in Johannesburg, South Africa, where a woman walks leisurely with a gentle breeze blowing. She wears a vibrant green dress and a sun hat, adding a pop of color against the gloomy sky. Her steps are steady and graceful, and she carries an umbrella, shielding herself from the rain. The background features tall buildings and bustling streets, with blurred silhouettes of people and vehicles in the distance. The sky is overcast, with dark clouds and occasional flashes of lightning, creating a dramatic yet serene atmosphere. A medium shot capturing her walking down the street from a slightly elevated angle.",ours,self_forcing,False,,stimuli/pair_036.mp4,stimuli/full/pair_036_A_full.mp4,stimuli/full/pair_036_B_full.mp4,finals128/av2_p125.mp4,finals128/sfd_p125.mp4
pair_037,ours_vs_skyr,45,"A cozy winter scene in a mountain lodge, where snow gently falls outside. Inside, a person stands by the roaring fireplace, adding logs to keep the flames dancing. The fire casts flickering shadows across the room, creating a warm and inviting atmosphere. The person, likely bundled in a woolen sweater and jeans, has a content expression, leaning slightly forward to add the logs. The background features rustic wooden walls, a wooden floor, and a large window overlooking the snowy landscape. The room has a mix of antique furniture and modern comforts, with a plush rug underfoot. A medium shot capturing the interaction between the person and the fireplace.",skyreels_v2_df,ours,False,,stimuli/pair_037.mp4,stimuli/full/pair_037_A_full.mp4,stimuli/full/pair_037_B_full.mp4,finals128/skyr_p045.mp4,finals128/av2_p045.mp4
pair_038,ours_vs_base,100,"A dramatic landscape photograph showcasing a waterfall cascading down a rocky pedestal, with the camera positioned to capture the full descent from the top to the pool of water and mist at its base. The pedestal is jagged and weathered, with moss and lichen growing on its surface. The water creates a veil of mist as it splashes into the pool below, which is surrounded by lush greenery and rocks. The background features a series of smaller waterfalls and a dense forest, with sunlight filtering through the canopy. The photo has a natural and serene quality, emphasizing the dynamic movement of the water. A wide-angle shot from a slightly downward angle.",ours,adapted_base,False,,stimuli/pair_038.mp4,stimuli/full/pair_038_A_full.mp4,stimuli/full/pair_038_B_full.mp4,finals128/av2_p100.mp4,finals128/abase_p100.mp4
pair_039,ours_vs_base,85,"A captivating photograph in a realistic style, capturing the mesmerizing dance of boiling water in a pot. The bubbles rise rapidly, burst with tiny explosions, and send ripples across the water's surface, creating a dynamic and chaotic yet beautiful scene. The steam rises gently, adding to the vividness of the moment. The background is a clean, uncluttered kitchen with minimal lighting, highlighting the intense activity in the pot. The camera angle is slightly elevated, providing a clear view of the bubbling water and its reflections.",ours,adapted_base,False,,stimuli/pair_039.mp4,stimuli/full/pair_039_A_full.mp4,stimuli/full/pair_039_B_full.mp4,finals128/av2_p085.mp4,finals128/abase_p085.mp4
pair_040,ours_vs_sf,60,"A photorealistic scene capturing a person rowing a boat through a river of liquid gold, with shimmering banks reflecting the golden hues. The person, with flowing golden hair and radiant skin, rows the boat with ease, their posture relaxed yet focused. The riverbank is lined with tall, golden reeds and trees, their leaves glinting like precious metals. The sky above is a clear, bright blue, with a few clouds adding depth to the scene. The reflection of the golden river creates a mirror-like effect, enhancing the ethereal quality of the setting. A medium shot from a slightly elevated angle, capturing both the person and the river’s golden beauty.",ours,self_forcing,False,,stimuli/pair_040.mp4,stimuli/full/pair_040_A_full.mp4,stimuli/full/pair_040_B_full.mp4,finals128/av2_p060.mp4,finals128/sfd_p060.mp4
pair_041,ours_vs_skyr,80,"A dramatic chandelier made of intricate crystal prisms hangs from the ceiling, casting a dazzling array of light beams and rainbows across the room. The chandelier is positioned in the center of the space, its prisms reflecting and refracting light in every direction. The room is filled with a warm, golden glow, creating a mesmerizing effect on the walls and floor. The background features a luxurious, ornate setting with elegant furniture and rich textiles, enhancing the opulence of the scene. The camera angle is slightly elevated, capturing the full grandeur of the chandelier and the interplay of light and color.",skyreels_v2_df,ours,False,,stimuli/pair_041.mp4,stimuli/full/pair_041_A_full.mp4,stimuli/full/pair_041_B_full.mp4,finals128/skyr_p080.mp4,finals128/av2_p080.mp4
pair_042,ours_vs_sf,5,"A dynamic skateboarding scene captured mid-air, showing a young skateboarder losing control and colliding with a park bench. The skateboard flips into the air, spinning rapidly, while the skateboarder hangs onto it with both hands, a look of surprise and adrenaline on their face. The background features a bustling urban park with other skaters and joggers in the distance, and the bench where the collision occurs is partially out of focus. The overall composition captures the energy and movement of the moment, with a vibrant and lively color palette. The skateboarder is depicted as a street-smart teenager with casual attire, possibly wearing a hoodie and jeans. A high-angle shot capturing the full motion of the fall and flip.",self_forcing,ours,False,,stimuli/pair_042.mp4,stimuli/full/pair_042_A_full.mp4,stimuli/full/pair_042_B_full.mp4,finals128/sfd_p005.mp4,finals128/av2_p005.mp4
pair_043,ours_vs_sf,20,"A whimsical cartoon-style illustration of two llamas and two emus playing a game of chess on a grassy field. The llamas, with their distinctive humpbacks and woolly coats, are positioned on one side of the chessboard, while the emus, with their long necks and feathered plumage, stand on the other side. Both animals look focused and engaged, with the llamas wearing playful smiles and the emus displaying curious expressions. The chessboard is elaborately decorated with intricate patterns and vibrant colors. The background features a lush, sunlit meadow with wildflowers and tall grass swaying gently in the breeze. A medium shot from a slightly elevated angle, capturing both sets of players and the board in full detail.",self_forcing,ours,False,,stimuli/pair_043.mp4,stimuli/full/pair_043_A_full.mp4,stimuli/full/pair_043_B_full.mp4,finals128/sfd_p020.mp4,finals128/av2_p020.mp4
pair_044,ours_vs_base,60,"A photorealistic scene capturing a person rowing a boat through a river of liquid gold, with shimmering banks reflecting the golden hues. The person, with flowing golden hair and radiant skin, rows the boat with ease, their posture relaxed yet focused. The riverbank is lined with tall, golden reeds and trees, their leaves glinting like precious metals. The sky above is a clear, bright blue, with a few clouds adding depth to the scene. The reflection of the golden river creates a mirror-like effect, enhancing the ethereal quality of the setting. A medium shot from a slightly elevated angle, capturing both the person and the river’s golden beauty.",adapted_base,ours,False,,stimuli/pair_044.mp4,stimuli/full/pair_044_A_full.mp4,stimuli/full/pair_044_B_full.mp4,finals128/abase_p060.mp4,finals128/av2_p060.mp4
pair_045,ours_vs_skyr,105,"A handheld shot navigating through a bustling Chinese market, weaving between colorful stalls and capturing the lively atmosphere. The camera moves fluidly, showcasing various vendors selling fresh produce, spices, and handmade crafts. The market is filled with the sounds of haggling, the scent of street food, and the chatter of shoppers. People are seen carrying baskets and bags, their faces reflecting the excitement and activity. The background features a mix of traditional architecture and modern structures, with signs in both Chinese and English. The photo has a documentary-style texture, emphasizing the dynamic movement and vibrant energy of the scene. A handheld shot with a dynamic camera movement.",skyreels_v2_df,ours,False,,stimuli/pair_045.mp4,stimuli/full/pair_045_A_full.mp4,stimuli/full/pair_045_B_full.mp4,finals128/skyr_p105.mp4,finals128/av2_p105.mp4
pair_046,ours_vs_base,70,"A dynamic speed skating scene in the style of a high-energy sports photograph, capturing a young East Asian speed skater accelerating during a short track race. The skater is wearing a bright red racing suit with white stripes, and their helmet is pulled down, revealing focused, determined eyes. Their arms are outstretched, one hand on the ice, propelling them forward with speed and grace. The skater's legs are pumping rapidly, and their body is leaning slightly forward for maximum momentum. The background shows a blurred ice rink with other skaters in the distance, creating a sense of urgency and competition. The camera angle is from behind, capturing the skater's intense focus and the rush of the race.",ours,adapted_base,False,,stimuli/pair_046.mp4,stimuli/full/pair_046_A_full.mp4,stimuli/full/pair_046_B_full.mp4,finals128/av2_p070.mp4,finals128/abase_p070.mp4
pair_047,ours_vs_base,50,"A detailed and lively depiction of a penguin in a tuxedo, playing the violin at a black-tie event. The penguin, dressed in a pristine black tuxedo with a bow tie and top hat, stands gracefully on a stage. It holds a violin with one hand and bows with the other, its expression filled with joy and concentration. The background features elegant tables adorned with fine linens and crystal chandeliers, with guests in formal attire looking on with amazement. The lighting is soft and warm, highlighting the penguin's performance. The scene captures a moment of enchantment and whimsy, rendered in a realistic yet slightly exaggerated style to emphasize the penguin's unique presence. A medium shot from a slightly elevated angle, capturing both the penguin and the audience's reactions.",adapted_base,ours,False,,stimuli/pair_047.mp4,stimuli/full/pair_047_A_full.mp4,stimuli/full/pair_047_B_full.mp4,finals128/abase_p050.mp4,finals128/av2_p050.mp4
pair_048,ours_vs_skyr,60,"A photorealistic scene capturing a person rowing a boat through a river of liquid gold, with shimmering banks reflecting the golden hues. The person, with flowing golden hair and radiant skin, rows the boat with ease, their posture relaxed yet focused. The riverbank is lined with tall, golden reeds and trees, their leaves glinting like precious metals. The sky above is a clear, bright blue, with a few clouds adding depth to the scene. The reflection of the golden river creates a mirror-like effect, enhancing the ethereal quality of the setting. A medium shot from a slightly elevated angle, capturing both the person and the river’s golden beauty.",skyreels_v2_df,ours,False,,stimuli/pair_048.mp4,stimuli/full/pair_048_A_full.mp4,stimuli/full/pair_048_B_full.mp4,finals128/skyr_p060.mp4,finals128/av2_p060.mp4
pair_049,ours_vs_skyr,40,"A serene lakeside cabin sits by the water’s edge, with a wooden dock extending into the lake where a rowboat gently bobs with the water’s movement. The cabin, painted in soft wooden tones, has a charming rustic charm, with a thatched roof and large windows overlooking the tranquil lake. Inside, faint hints of warmth from a fireplace can be seen through the window. The dock is lined with weathered planks, and the rowboat, tied to a post, appears ready for a peaceful outing. The background features a gentle sunset, casting a warm glow over the water and the surrounding trees, creating a picturesque and serene scene. A medium shot from a slightly elevated angle capturing both the cabin and the dock.",skyreels_v2_df,ours,False,,stimuli/pair_049.mp4,stimuli/full/pair_049_A_full.mp4,stimuli/full/pair_049_B_full.mp4,finals128/skyr_p040.mp4,finals128/av2_p040.mp4
pair_050,ours_vs_base,90,"A close-up shot of a pair of deep brown eyes, capturing the subtle emotions and reflections within them. The eyes appear to be looking directly at the viewer, with a mix of contemplation and introspection. The iris is ringed with a thin, dark brown pupil, and the whites of the eyes have a slight glow. The eyelashes are long and thick, adding to the intensity of the gaze. The reflection in the eyes shows a blurred background of a quiet, sunlit room with a few books and a vase of flowers. The photo has a soft, naturalistic quality, emphasizing the intricate details of the eyes. A close-up shot with a shallow depth of field, focusing on the eyes.",ours,adapted_base,False,,stimuli/pair_050.mp4,stimuli/full/pair_050_A_full.mp4,stimuli/full/pair_050_B_full.mp4,finals128/av2_p090.mp4,finals128/abase_p090.mp4
pair_051,ours_vs_sf,45,"A cozy winter scene in a mountain lodge, where snow gently falls outside. Inside, a person stands by the roaring fireplace, adding logs to keep the flames dancing. The fire casts flickering shadows across the room, creating a warm and inviting atmosphere. The person, likely bundled in a woolen sweater and jeans, has a content expression, leaning slightly forward to add the logs. The background features rustic wooden walls, a wooden floor, and a large window overlooking the snowy landscape. The room has a mix of antique furniture and modern comforts, with a plush rug underfoot. A medium shot capturing the interaction between the person and the fireplace.",self_forcing,ours,False,,stimuli/pair_051.mp4,stimuli/full/pair_051_A_full.mp4,stimuli/full/pair_051_B_full.mp4,finals128/sfd_p045.mp4,finals128/av2_p045.mp4
pair_052,ours_vs_skyr,30,"A close-up shot of a drink being poured over ice, showcasing the detailed flow of liquid interacting with the ice cubes. The drink cascades down, creating ripples and splashes on the surface of the ice, which glistens under the soft lighting. The glass holds a clear, amber-colored liquid, and the ice cubes sparkle with tiny droplets of condensation. The background is blurred, highlighting the dynamic interaction between the drink and the ice. The photo has a crisp, natural lighting style, emphasizing the fluid motion and the sparkling ice. A close-up from a slightly downward angle.",skyreels_v2_df,ours,False,,stimuli/pair_052.mp4,stimuli/full/pair_052_A_full.mp4,stimuli/full/pair_052_B_full.mp4,finals128/skyr_p030.mp4,finals128/av2_p030.mp4
pair_053,ours_vs_sf,30,"A close-up shot of a drink being poured over ice, showcasing the detailed flow of liquid interacting with the ice cubes. The drink cascades down, creating ripples and splashes on the surface of the ice, which glistens under the soft lighting. The glass holds a clear, amber-colored liquid, and the ice cubes sparkle with tiny droplets of condensation. The background is blurred, highlighting the dynamic interaction between the drink and the ice. The photo has a crisp, natural lighting style, emphasizing the fluid motion and the sparkling ice. A close-up from a slightly downward angle.",self_forcing,ours,False,,stimuli/pair_053.mp4,stimuli/full/pair_053_A_full.mp4,stimuli/full/pair_053_B_full.mp4,finals128/sfd_p030.mp4,finals128/av2_p030.mp4
pair_054,ours_vs_sf,15,"A stunning Santorini landscape photo captured during the blue hour, featuring a red panda and a toucan strolling hand-in-hand through the picturesque village. The red panda, with its distinctive reddish-brown fur and large round eyes, carries a small backpack, while the toucan, with its vibrant orange and black feathers and a large curved beak, holds a colorful flower. They walk along a winding cobblestone path, passing by whitewashed buildings with blue doors and windows. The setting sun casts a soft golden glow, creating a warm and serene atmosphere. The sky is painted with shades of blue and purple, with a few twinkling stars beginning to appear. A wide-angle shot from a slightly elevated angle, capturing the intimate moment between these two unlikely friends.",ours,self_forcing,False,,stimuli/pair_054.mp4,stimuli/full/pair_054_A_full.mp4,stimuli/full/pair_054_B_full.mp4,finals128/av2_p015.mp4,finals128/sfd_p015.mp4
pair_055,ours_vs_skyr,0,"A vibrant children's party scene featuring a father blowing up a balloon for his excited child at a birthday celebration. The father has a warm smile and concentrated expression, his hands working diligently to inflate the balloon. His child stands nearby, eagerly watching with wide eyes and a bright smile. The background shows a colorful party setting with balloons, streamers, and a cake, creating a joyful and lively atmosphere. The father is dressed casually in a blue shirt and jeans, while the child wears a matching party hat. The photo captures the moment from a slightly elevated angle, emphasizing the interaction between the father and child.",ours,skyreels_v2_df,False,,stimuli/pair_055.mp4,stimuli/full/pair_055_A_full.mp4,stimuli/full/pair_055_B_full.mp4,finals128/av2_p000.mp4,finals128/skyr_p000.mp4
pair_056,ours_vs_sf,92,"An aerial shot in the style of a busy urban documentary captures a bustling city intersection at rush hour, showcasing the organized chaos of cars and pedestrians. The scene features a dense network of vehicles moving in various directions, with taxis, buses, and private cars weaving through the streets. Pedestrians hurry along the sidewalks, some crossing the street at crosswalks, while others weave between parked cars. The cityscape below is a vibrant tapestry of buildings, with skyscrapers towering in the background, their reflections shimmering on the wet pavement. The air is filled with the sounds of honking horns and bustling conversations. The photo has a sharp, realistic texture, emphasizing the dynamic movement and energy of the urban environment. A high-angle view capturing the entire intersection.",adapted_base,ours,True,B,stimuli/pair_056.mp4,stimuli/full/pair_056_A_full.mp4,stimuli/full/pair_056_B_full.mp4,finals128/abase_p092.mp4,finals128/av2_p092.mp4
pair_057,ours_vs_sf,105,"A handheld shot navigating through a bustling Chinese market, weaving between colorful stalls and capturing the lively atmosphere. The camera moves fluidly, showcasing various vendors selling fresh produce, spices, and handmade crafts. The market is filled with the sounds of haggling, the scent of street food, and the chatter of shoppers. People are seen carrying baskets and bags, their faces reflecting the excitement and activity. The background features a mix of traditional architecture and modern structures, with signs in both Chinese and English. The photo has a documentary-style texture, emphasizing the dynamic movement and vibrant energy of the scene. A handheld shot with a dynamic camera movement.",self_forcing,ours,False,,stimuli/pair_057.mp4,stimuli/full/pair_057_A_full.mp4,stimuli/full/pair_057_B_full.mp4,finals128/sfd_p105.mp4,finals128/av2_p105.mp4
pair_058,ours_vs_skyr,95,"A sweeping panoramic view to the right through a majestic ballroom, showcasing opulent decor with chandeliers casting a warm glow. The room is filled with elegantly dressed couples dancing gracefully, their movements fluid and refined. Rich fabrics, intricate lace, and shimmering jewels adorn the guests, creating a stunning visual spectacle. Ornate wallpaper and grand columns add to the grandeur, while the background hints at a large dance floor and ornate mirrors reflecting the joyful scene. The camera angle provides a sweeping vista, capturing the essence of a grand and enchanting ballroom setting.",ours,skyreels_v2_df,False,,stimuli/pair_058.mp4,stimuli/full/pair_058_A_full.mp4,stimuli/full/pair_058_B_full.mp4,finals128/av2_p095.mp4,finals128/skyr_p095.mp4
pair_059,ours_vs_base,120,"A vibrant and festive scene in Antarctica, where a toy robot dressed in a bright green dress and adorned with a sunny yellow sun hat takes a pleasant stroll. The robot's movements are graceful and lively, its arms swinging naturally as it explores the icy landscape. The background features a colorful and lively atmosphere, with various decorations and people in festive attire. The setting sun casts a warm glow, creating a magical and enchanting environment. The photo has a playful and whimsical style, capturing the essence of a joyful celebration. A medium shot with the robot walking towards the viewer, taken from a slightly elevated angle.",adapted_base,ours,False,,stimuli/pair_059.mp4,stimuli/full/pair_059_A_full.mp4,stimuli/full/pair_059_B_full.mp4,finals128/abase_p120.mp4,finals128/av2_p120.mp4
pair_060,ours_vs_sf,115,"A vibrant and lively illustration in the style of a retro comic book depicting a toy robot wearing blue jeans and a white T-shirt taking a pleasant stroll in Mumbai, India. The sun is setting, casting a warm golden glow over the bustling city streets. The robot walks confidently, arms swinging naturally, with a friendly smile on its face. The background features a mix of colorful buildings, street vendors, and people going about their evening routines. The sky is painted with deep orange and pink hues, reflecting the beauty of the sunset. A dynamic mid-shot with the robot seen from a slightly elevated angle, capturing its natural movements.",self_forcing,ours,False,,stimuli/pair_060.mp4,stimuli/full/pair_060_A_full.mp4,stimuli/full/pair_060_B_full.mp4,finals128/sfd_p115.mp4,finals128/av2_p115.mp4
pair_061,ours_vs_skyr,85,"A captivating photograph in a realistic style, capturing the mesmerizing dance of boiling water in a pot. The bubbles rise rapidly, burst with tiny explosions, and send ripples across the water's surface, creating a dynamic and chaotic yet beautiful scene. The steam rises gently, adding to the vividness of the moment. The background is a clean, uncluttered kitchen with minimal lighting, highlighting the intense activity in the pot. The camera angle is slightly elevated, providing a clear view of the bubbling water and its reflections.",ours,skyreels_v2_df,False,,stimuli/pair_061.mp4,stimuli/full/pair_061_A_full.mp4,stimuli/full/pair_061_B_full.mp4,finals128/av2_p085.mp4,finals128/skyr_p085.mp4
pair_062,ours_vs_skyr,100,"A dramatic landscape photograph showcasing a waterfall cascading down a rocky pedestal, with the camera positioned to capture the full descent from the top to the pool of water and mist at its base. The pedestal is jagged and weathered, with moss and lichen growing on its surface. The water creates a veil of mist as it splashes into the pool below, which is surrounded by lush greenery and rocks. The background features a series of smaller waterfalls and a dense forest, with sunlight filtering through the canopy. The photo has a natural and serene quality, emphasizing the dynamic movement of the water. A wide-angle shot from a slightly downward angle.",skyreels_v2_df,ours,False,,stimuli/pair_062.mp4,stimuli/full/pair_062_A_full.mp4,stimuli/full/pair_062_B_full.mp4,finals128/skyr_p100.mp4,finals128/av2_p100.mp4
pair_063,ours_vs_sf,35,"A charming Japanese-style village nestled in a serene valley is surrounded by a sea of blooming cherry blossoms, with petals gently floating through the air. Villagers in traditional attire go about their daily activities, adding a lively and harmonious touch to the scene. The village features wooden houses with thatched roofs, a small stream flowing nearby, and a few children playing among the flowers. The background showcases a hazy, warm spring day with soft, diffused sunlight filtering through the trees. A wide-angle shot capturing the village from a slightly elevated angle.",ours,self_forcing,False,,stimuli/pair_063.mp4,stimuli/full/pair_063_A_full.mp4,stimuli/full/pair_063_B_full.mp4,finals128/av2_p035.mp4,finals128/sfd_p035.mp4
pair_064,ours_vs_base,40,"A serene lakeside cabin sits by the water’s edge, with a wooden dock extending into the lake where a rowboat gently bobs with the water’s movement. The cabin, painted in soft wooden tones, has a charming rustic charm, with a thatched roof and large windows overlooking the tranquil lake. Inside, faint hints of warmth from a fireplace can be seen through the window. The dock is lined with weathered planks, and the rowboat, tied to a post, appears ready for a peaceful outing. The background features a gentle sunset, casting a warm glow over the water and the surrounding trees, creating a picturesque and serene scene. A medium shot from a slightly elevated angle capturing both the cabin and the dock.",adapted_base,ours,False,,stimuli/pair_064.mp4,stimuli/full/pair_064_A_full.mp4,stimuli/full/pair_064_B_full.mp4,finals128/abase_p040.mp4,finals128/av2_p040.mp4
pair_065,ours_vs_sf,10,"Low-fi handheld camera footage captures a man transforming into a superhero in the dense forest of the Pacific Northwest. The man, with rugged features and tousled brown hair, is wearing a plain t-shirt and jeans. As he shifts, his clothes stretch and crackle, revealing a sleek, spandex-like suit with glowing, blue accents. His eyes glow with a mysterious, otherworldly light. The forest backdrop is filled with towering evergreens, dappled sunlight, and fallen leaves. The camera angle is slightly shaky, adding to the raw, documentary feel. The transformation sequence is captured in a series of quick, dynamic shots, emphasizing the man's movements and the forest's vibrant, natural beauty.",ours,self_forcing,False,,stimuli/pair_065.mp4,stimuli/full/pair_065_A_full.mp4,stimuli/full/pair_065_B_full.mp4,finals128/av2_p010.mp4,finals128/sfd_p010.mp4
pair_066,ours_vs_base,25,"A vintage film-style photograph captures a moment between two women, one whispering a secret into the other's ear. The woman whispering has long wavy brown hair cascading down her back, soft hazel eyes, and a gentle smile. She leans in closely, her lips barely moving. The woman listening has curly blonde hair and a warm, inviting expression, her eyes wide with interest. They are seated on a wooden bench in a park, with a blurred background of trees and a gently flowing stream. The scene is bathed in golden afternoon light, creating a warm and intimate atmosphere. A medium shot with the camera slightly elevated, capturing the emotional exchange between them.",adapted_base,ours,False,,stimuli/pair_066.mp4,stimuli/full/pair_066_A_full.mp4,stimuli/full/pair_066_B_full.mp4,finals128/abase_p025.mp4,finals128/av2_p025.mp4
pair_067,ours_vs_sf,120,"A vibrant and festive scene in Antarctica, where a toy robot dressed in a bright green dress and adorned with a sunny yellow sun hat takes a pleasant stroll. The robot's movements are graceful and lively, its arms swinging naturally as it explores the icy landscape. The background features a colorful and lively atmosphere, with various decorations and people in festive attire. The setting sun casts a warm glow, creating a magical and enchanting environment. The photo has a playful and whimsical style, capturing the essence of a joyful celebration. A medium shot with the robot walking towards the viewer, taken from a slightly elevated angle.",ours,self_forcing,False,,stimuli/pair_067.mp4,stimuli/full/pair_067_A_full.mp4,stimuli/full/pair_067_B_full.mp4,finals128/av2_p120.mp4,finals128/sfd_p120.mp4
pair_068,ours_vs_base,80,"A dramatic chandelier made of intricate crystal prisms hangs from the ceiling, casting a dazzling array of light beams and rainbows across the room. The chandelier is positioned in the center of the space, its prisms reflecting and refracting light in every direction. The room is filled with a warm, golden glow, creating a mesmerizing effect on the walls and floor. The background features a luxurious, ornate setting with elegant furniture and rich textiles, enhancing the opulence of the scene. The camera angle is slightly elevated, capturing the full grandeur of the chandelier and the interplay of light and color.",adapted_base,ours,False,,stimuli/pair_068.mp4,stimuli/full/pair_068_A_full.mp4,stimuli/full/pair_068_B_full.mp4,finals128/abase_p080.mp4,finals128/av2_p080.mp4
pair_069,ours_vs_skyr,50,"A detailed and lively depiction of a penguin in a tuxedo, playing the violin at a black-tie event. The penguin, dressed in a pristine black tuxedo with a bow tie and top hat, stands gracefully on a stage. It holds a violin with one hand and bows with the other, its expression filled with joy and concentration. The background features elegant tables adorned with fine linens and crystal chandeliers, with guests in formal attire looking on with amazement. The lighting is soft and warm, highlighting the penguin's performance. The scene captures a moment of enchantment and whimsy, rendered in a realistic yet slightly exaggerated style to emphasize the penguin's unique presence. A medium shot from a slightly elevated angle, capturing both the penguin and the audience's reactions.",skyreels_v2_df,ours,False,,stimuli/pair_069.mp4,stimuli/full/pair_069_A_full.mp4,stimuli/full/pair_069_B_full.mp4,finals128/skyr_p050.mp4,finals128/av2_p050.mp4
pair_070,ours_vs_sf,70,"A dynamic speed skating scene in the style of a high-energy sports photograph, capturing a young East Asian speed skater accelerating during a short track race. The skater is wearing a bright red racing suit with white stripes, and their helmet is pulled down, revealing focused, determined eyes. Their arms are outstretched, one hand on the ice, propelling them forward with speed and grace. The skater's legs are pumping rapidly, and their body is leaning slightly forward for maximum momentum. The background shows a blurred ice rink with other skaters in the distance, creating a sense of urgency and competition. The camera angle is from behind, capturing the skater's intense focus and the rush of the race.",self_forcing,ours,False,,stimuli/pair_070.mp4,stimuli/full/pair_070_A_full.mp4,stimuli/full/pair_070_B_full.mp4,finals128/sfd_p070.mp4,finals128/av2_p070.mp4
pair_071,ours_vs_base,75,"A first-person point-of-view (FPV) shot with a tracking camera, capturing a scooter zooming through the aisles of a bustling supermarket. The scooter speeds past shoppers, skidding around sharp turns and leaping over shopping carts with impressive agility. The scene blends everyday supermarket chaos with high-speed action, creating a thrilling, fast-paced grocery-store race. The motion is hyperspeed and dynamic, with the scooter leaving a blur of motion behind. The background shows crowded aisles, shelves filled with groceries, and people rushing to get their items. The overall atmosphere is intense and exciting.",ours,adapted_base,False,,stimuli/pair_071.mp4,stimuli/full/pair_071_A_full.mp4,stimuli/full/pair_071_B_full.mp4,finals128/av2_p075.mp4,finals128/abase_p075.mp4
pair_072,ours_vs_sf,50,"A detailed and lively depiction of a penguin in a tuxedo, playing the violin at a black-tie event. The penguin, dressed in a pristine black tuxedo with a bow tie and top hat, stands gracefully on a stage. It holds a violin with one hand and bows with the other, its expression filled with joy and concentration. The background features elegant tables adorned with fine linens and crystal chandeliers, with guests in formal attire looking on with amazement. The lighting is soft and warm, highlighting the penguin's performance. The scene captures a moment of enchantment and whimsy, rendered in a realistic yet slightly exaggerated style to emphasize the penguin's unique presence. A medium shot from a slightly elevated angle, capturing both the penguin and the audience's reactions.",self_forcing,ours,False,,stimuli/pair_072.mp4,stimuli/full/pair_072_A_full.mp4,stimuli/full/pair_072_B_full.mp4,finals128/sfd_p050.mp4,finals128/av2_p050.mp4
pair_073,ours_vs_base,95,"A sweeping panoramic view to the right through a majestic ballroom, showcasing opulent decor with chandeliers casting a warm glow. The room is filled with elegantly dressed couples dancing gracefully, their movements fluid and refined. Rich fabrics, intricate lace, and shimmering jewels adorn the guests, creating a stunning visual spectacle. Ornate wallpaper and grand columns add to the grandeur, while the background hints at a large dance floor and ornate mirrors reflecting the joyful scene. The camera angle provides a sweeping vista, capturing the essence of a grand and enchanting ballroom setting.",adapted_base,ours,False,,stimuli/pair_073.mp4,stimuli/full/pair_073_A_full.mp4,stimuli/full/pair_073_B_full.mp4,finals128/abase_p095.mp4,finals128/av2_p095.mp4
pair_074,ours_vs_skyr,55,"A fantasy illustration in a whimsical watercolor style depicting a person walking up a staircase made of fluffy white clouds, leading to a majestic floating castle. The person, wearing a flowing robe with intricate patterns, has a serene and determined expression. Their feet gently touch each cloud step, creating a soft, ethereal effect. The floating castle, with its towers and spires, appears to be partially submerged in a shimmering mist. The background features a vibrant sky with pastel hues and wispy clouds, adding to the dreamlike atmosphere. A medium shot capturing the person ascending the staircase from a slightly elevated angle.",skyreels_v2_df,ours,False,,stimuli/pair_074.mp4,stimuli/full/pair_074_A_full.mp4,stimuli/full/pair_074_B_full.mp4,finals128/skyr_p055.mp4,finals128/av2_p055.mp4
pair_075,ours_vs_skyr,25,"A vintage film-style photograph captures a moment between two women, one whispering a secret into the other's ear. The woman whispering has long wavy brown hair cascading down her back, soft hazel eyes, and a gentle smile. She leans in closely, her lips barely moving. The woman listening has curly blonde hair and a warm, inviting expression, her eyes wide with interest. They are seated on a wooden bench in a park, with a blurred background of trees and a gently flowing stream. The scene is bathed in golden afternoon light, creating a warm and intimate atmosphere. A medium shot with the camera slightly elevated, capturing the emotional exchange between them.",skyreels_v2_df,ours,False,,stimuli/pair_075.mp4,stimuli/full/pair_075_A_full.mp4,stimuli/full/pair_075_B_full.mp4,finals128/skyr_p025.mp4,finals128/av2_p025.mp4
pair_076,ours_vs_skyr,83,"A dynamic high-speed capture of a water balloon being popped, showcasing the moment when the liquid maintains its spherical shape momentarily before cascading down in a burst of droplets. The water balloon is mid-explosion, with the rubber material stretching taut just before it bursts. The liquid inside remains intact for a split second, then rapidly disperses into tiny droplets that fall in a chaotic pattern. The background is blurred, with streaks of motion capturing the speed of the event. The photo has a sharp focus and a high-contrast style, emphasizing the explosive nature of the moment. A close-up shot from a high-angle perspective.",adapted_base,ours,True,B,stimuli/pair_076.mp4,stimuli/full/pair_076_A_full.mp4,stimuli/full/pair_076_B_full.mp4,finals128/abase_p083.mp4,finals128/av2_p083.mp4
pair_077,ours_vs_skyr,110,"A realistic style paper origami dragon riding a boat through waves, with intricate folds and textures. The dragon has a fierce expression, its eyes glowing with intensity, and its scales shimmering in the sunlight. It is perched on the edge of the boat, wings partially spread, ready to take flight. The boat bobs up and down with the waves, creating a dynamic motion. The water is choppy, with ripples and splashes around the boat, adding to the sense of movement. The background features a clear blue sky with fluffy clouds, and a few seagulls flying overhead. A mid-shot capturing the dragon's powerful stance and the boat's motion.",ours,skyreels_v2_df,False,,stimuli/pair_077.mp4,stimuli/full/pair_077_A_full.mp4,stimuli/full/pair_077_B_full.mp4,finals128/av2_p110.mp4,finals128/skyr_p110.mp4
pair_078,ours_vs_skyr,5,"A dynamic skateboarding scene captured mid-air, showing a young skateboarder losing control and colliding with a park bench. The skateboard flips into the air, spinning rapidly, while the skateboarder hangs onto it with both hands, a look of surprise and adrenaline on their face. The background features a bustling urban park with other skaters and joggers in the distance, and the bench where the collision occurs is partially out of focus. The overall composition captures the energy and movement of the moment, with a vibrant and lively color palette. The skateboarder is depicted as a street-smart teenager with casual attire, possibly wearing a hoodie and jeans. A high-angle shot capturing the full motion of the fall and flip.",ours,skyreels_v2_df,False,,stimuli/pair_078.mp4,stimuli/full/pair_078_A_full.mp4,stimuli/full/pair_078_B_full.mp4,finals128/av2_p005.mp4,finals128/skyr_p005.mp4
pair_079,ours_vs_skyr,115,"A vibrant and lively illustration in the style of a retro comic book depicting a toy robot wearing blue jeans and a white T-shirt taking a pleasant stroll in Mumbai, India. The sun is setting, casting a warm golden glow over the bustling city streets. The robot walks confidently, arms swinging naturally, with a friendly smile on its face. The background features a mix of colorful buildings, street vendors, and people going about their evening routines. The sky is painted with deep orange and pink hues, reflecting the beauty of the sunset. A dynamic mid-shot with the robot seen from a slightly elevated angle, capturing its natural movements.",ours,skyreels_v2_df,False,,stimuli/pair_079.mp4,stimuli/full/pair_079_A_full.mp4,stimuli/full/pair_079_B_full.mp4,finals128/av2_p115.mp4,finals128/skyr_p115.mp4
pair_080,ours_vs_base,5,"A dynamic skateboarding scene captured mid-air, showing a young skateboarder losing control and colliding with a park bench. The skateboard flips into the air, spinning rapidly, while the skateboarder hangs onto it with both hands, a look of surprise and adrenaline on their face. The background features a bustling urban park with other skaters and joggers in the distance, and the bench where the collision occurs is partially out of focus. The overall composition captures the energy and movement of the moment, with a vibrant and lively color palette. The skateboarder is depicted as a street-smart teenager with casual attire, possibly wearing a hoodie and jeans. A high-angle shot capturing the full motion of the fall and flip.",adapted_base,ours,False,,stimuli/pair_080.mp4,stimuli/full/pair_080_A_full.mp4,stimuli/full/pair_080_B_full.mp4,finals128/abase_p005.mp4,finals128/av2_p005.mp4
pair_081,ours_vs_base,20,"A whimsical cartoon-style illustration of two llamas and two emus playing a game of chess on a grassy field. The llamas, with their distinctive humpbacks and woolly coats, are positioned on one side of the chessboard, while the emus, with their long necks and feathered plumage, stand on the other side. Both animals look focused and engaged, with the llamas wearing playful smiles and the emus displaying curious expressions. The chessboard is elaborately decorated with intricate patterns and vibrant colors. The background features a lush, sunlit meadow with wildflowers and tall grass swaying gently in the breeze. A medium shot from a slightly elevated angle, capturing both sets of players and the board in full detail.",ours,adapted_base,False,,stimuli/pair_081.mp4,stimuli/full/pair_081_A_full.mp4,stimuli/full/pair_081_B_full.mp4,finals128/av2_p020.mp4,finals128/abase_p020.mp4
pair_082,ours_vs_skyr,70,"A dynamic speed skating scene in the style of a high-energy sports photograph, capturing a young East Asian speed skater accelerating during a short track race. The skater is wearing a bright red racing suit with white stripes, and their helmet is pulled down, revealing focused, determined eyes. Their arms are outstretched, one hand on the ice, propelling them forward with speed and grace. The skater's legs are pumping rapidly, and their body is leaning slightly forward for maximum momentum. The background shows a blurred ice rink with other skaters in the distance, creating a sense of urgency and competition. The camera angle is from behind, capturing the skater's intense focus and the rush of the race.",skyreels_v2_df,ours,False,,stimuli/pair_082.mp4,stimuli/full/pair_082_A_full.mp4,stimuli/full/pair_082_B_full.mp4,finals128/skyr_p070.mp4,finals128/av2_p070.mp4
pair_083,ours_vs_base,45,"A cozy winter scene in a mountain lodge, where snow gently falls outside. Inside, a person stands by the roaring fireplace, adding logs to keep the flames dancing. The fire casts flickering shadows across the room, creating a warm and inviting atmosphere. The person, likely bundled in a woolen sweater and jeans, has a content expression, leaning slightly forward to add the logs. The background features rustic wooden walls, a wooden floor, and a large window overlooking the snowy landscape. The room has a mix of antique furniture and modern comforts, with a plush rug underfoot. A medium shot capturing the interaction between the person and the fireplace.",ours,adapted_base,False,,stimuli/pair_083.mp4,stimuli/full/pair_083_A_full.mp4,stimuli/full/pair_083_B_full.mp4,finals128/av2_p045.mp4,finals128/abase_p045.mp4
pair_084,ours_vs_skyr,75,"A first-person point-of-view (FPV) shot with a tracking camera, capturing a scooter zooming through the aisles of a bustling supermarket. The scooter speeds past shoppers, skidding around sharp turns and leaping over shopping carts with impressive agility. The scene blends everyday supermarket chaos with high-speed action, creating a thrilling, fast-paced grocery-store race. The motion is hyperspeed and dynamic, with the scooter leaving a blur of motion behind. The background shows crowded aisles, shelves filled with groceries, and people rushing to get their items. The overall atmosphere is intense and exciting.",ours,skyreels_v2_df,False,,stimuli/pair_084.mp4,stimuli/full/pair_084_A_full.mp4,stimuli/full/pair_084_B_full.mp4,finals128/av2_p075.mp4,finals128/skyr_p075.mp4
