rater_id,pair_id,question,answer
r01,pair_004,q_overall,A
r01,pair_004,q_stability,A
r01,pair_006,q_overall,A
r01,pair_006,q_stability,A
r01,pair_008,q_overall,A
r01,pair_008,q_stability,A
r01,pair_012,q_overall,A
r01,pair_012,q_stability,A
r01,pair_020,q_overall,B
r01,pair_020,q_stability,B
r01,pair_023,q_overall,A
r01,pair_023,q_stability,B
r01,pair_024,q_overall,B
r01,pair_024,q_stability,B
r01,pair_029,q_overall,A
r01,pair_029,q_stability,A
r01,pair_037,q_overall,A
r01,pair_037,q_stability,A
r01,pair_042,q_overall,A
r01,pair_042,q_stability,A
r01,pair_055,q_overall,B
r01,pair_055,q_stability,B
r01,pair_056,q_overall,B
r01,pair_056,q_stability,B
r01,pair_060,q_overall,A
r01,pair_060,q_stability,A
r01,pair_064,q_overall,B
r01,pair_064,q_stability,B
r01,pair_081,q_overall,B
r01,pair_081,q_stability,B
r02,pair_010,q_overall,B
r02,pair_010,q_stability,B
r02,pair_016,q_overall,B
r02,pair_016,q_stability,B
r02,pair_018,q_overall,B
r02,pair_018,q_stability,B
r02,pair_019,q_overall,B
r02,pair_019,q_stability,B
r02,pair_022,q_overall,A
r02,pair_022,q_stability,A
r02,pair_035,q_overall,A
r02,pair_035,q_stability,B
r02,pair_047,q_overall,B
r02,pair_047,q_stability,B
r02,pair_053,q_overall,B
r02,pair_053,q_stability,A
r02,pair_059,q_overall,B
r02,pair_059,q_stability,B
r02,pair_069,q_overall,A
r02,pair_069,q_stability,A
r02,pair_072,q_overall,B
r02,pair_072,q_stability,A
r02,pair_076,q_overall,B
r02,pair_076,q_stability,A
r02,pair_079,q_overall,B
r02,pair_079,q_stability,B
r02,pair_080,q_overall,B
r02,pair_080,q_stability,B
r02,pair_082,q_overall,B
r02,pair_082,q_stability,A
r03,pair_004,q_overall,A
r03,pair_004,q_stability,A
r03,pair_006,q_overall,A
r03,pair_006,q_stability,B
r03,pair_008,q_overall,A
r03,pair_008,q_stability,B
r03,pair_012,q_overall,A
r03,pair_012,q_stability,A
r03,pair_020,q_overall,A
r03,pair_020,q_stability,A
r03,pair_023,q_overall,A
r03,pair_023,q_stability,B
r03,pair_024,q_overall,B
r03,pair_024,q_stability,B
r03,pair_029,q_overall,B
r03,pair_029,q_stability,A
r03,pair_037,q_overall,B
r03,pair_037,q_stability,A
r03,pair_042,q_overall,B
r03,pair_042,q_stability,A
r03,pair_055,q_overall,B
r03,pair_055,q_stability,B
r03,pair_056,q_overall,B
r03,pair_056,q_stability,A
r03,pair_060,q_overall,A
r03,pair_060,q_stability,A
r03,pair_064,q_overall,B
r03,pair_064,q_stability,A
r03,pair_081,q_overall,A
r03,pair_081,q_stability,A
r04,pair_009,q_overall,B
r04,pair_009,q_stability,B
r04,pair_011,q_overall,A
r04,pair_011,q_stability,A
r04,pair_012,q_overall,A
r04,pair_012,q_stability,A
r04,pair_013,q_overall,A
r04,pair_013,q_stability,A
r04,pair_027,q_overall,B
r04,pair_027,q_stability,A
r04,pair_030,q_overall,B
r04,pair_030,q_stability,B
r04,pair_038,q_overall,A
r04,pair_038,q_stability,A
r04,pair_039,q_overall,A
r04,pair_039,q_stability,A
r04,pair_043,q_overall,B
r04,pair_043,q_stability,A
r04,pair_044,q_overall,A
r04,pair_044,q_stability,A
r04,pair_045,q_overall,A
r04,pair_045,q_stability,A
r04,pair_050,q_overall,A
r04,pair_050,q_stability,B
r04,pair_065,q_overall,B
r04,pair_065,q_stability,B
r04,pair_067,q_overall,A
r04,pair_067,q_stability,A
r04,pair_074,q_overall,A
r04,pair_074,q_stability,A
r05,pair_009,q_overall,B
r05,pair_009,q_stability,B
r05,pair_011,q_overall,B
r05,pair_011,q_stability,A
r05,pair_012,q_overall,A
r05,pair_012,q_stability,A
r05,pair_013,q_overall,B
r05,pair_013,q_stability,A
r05,pair_027,q_overall,B
r05,pair_027,q_stability,A
r05,pair_030,q_overall,B
r05,pair_030,q_stability,B
r05,pair_038,q_overall,A
r05,pair_038,q_stability,A
r05,pair_039,q_overall,A
r05,pair_039,q_stability,A
r05,pair_043,q_overall,B
r05,pair_043,q_stability,B
r05,pair_044,q_overall,B
r05,pair_044,q_stability,A
r05,pair_045,q_overall,A
r05,pair_045,q_stability,A
r05,pair_050,q_overall,A
r05,pair_050,q_stability,A
r05,pair_065,q_overall,A
r05,pair_065,q_stability,B
r05,pair_067,q_overall,A
r05,pair_067,q_stability,A
r05,pair_074,q_overall,B
r05,pair_074,q_stability,B
r06,pair_010,q_overall,B
r06,pair_010,q_stability,B
r06,pair_016,q_overall,B
r06,pair_016,q_stability,B
r06,pair_018,q_overall,B
r06,pair_018,q_stability,B
r06,pair_019,q_overall,A
r06,pair_019,q_stability,A
r06,pair_022,q_overall,A
r06,pair_022,q_stability,B
r06,pair_035,q_overall,A
r06,pair_035,q_stability,B
r06,pair_047,q_overall,B
r06,pair_047,q_stability,B
r06,pair_053,q_overall,B
r06,pair_053,q_stability,B
r06,pair_059,q_overall,B
r06,pair_059,q_stability,A
r06,pair_069,q_overall,A
r06,pair_069,q_stability,A
r06,pair_072,q_overall,B
r06,pair_072,q_stability,A
r06,pair_076,q_overall,B
r06,pair_076,q_stability,A
r06,pair_079,q_overall,B
r06,pair_079,q_stability,B
r06,pair_080,q_overall,B
r06,pair_080,q_stability,B
r06,pair_082,q_overall,A
r06,pair_082,q_stability,A
r07,pair_003,q_overall,B
r07,pair_003,q_stability,A
r07,pair_005,q_overall,A
r07,pair_005,q_stability,A
r07,pair_015,q_overall,B
r07,pair_015,q_stability,B
r07,pair_017,q_overall,A
r07,pair_017,q_stability,B
r07,pair_032,q_overall,B
r07,pair_032,q_stability,B
r07,pair_034,q_overall,B
r07,pair_034,q_stability,A
r07,pair_046,q_overall,A
r07,pair_046,q_stability,A
r07,pair_054,q_overall,A
r07,pair_054,q_stability,B
r07,pair_057,q_overall,B
r07,pair_057,q_stability,A
r07,pair_058,q_overall,B
r07,pair_058,q_stability,B
r07,pair_071,q_overall,A
r07,pair_071,q_stability,A
r07,pair_075,q_overall,A
r07,pair_075,q_stability,A
r07,pair_076,q_overall,A
r07,pair_076,q_stability,A
r07,pair_078,q_overall,B
r07,pair_078,q_stability,B
r07,pair_084,q_overall,B
r07,pair_084,q_stability,B
r08,pair_009,q_overall,B
r08,pair_009,q_stability,B
r08,pair_011,q_overall,B
r08,pair_011,q_stability,A
r08,pair_012,q_overall,A
r08,pair_012,q_stability,A
r08,pair_013,q_overall,B
r08,pair_013,q_stability,A
r08,pair_027,q_overall,B
r08,pair_027,q_stability,A
r08,pair_030,q_overall,B
r08,pair_030,q_stability,B
r08,pair_038,q_overall,A
r08,pair_038,q_stability,A
r08,pair_039,q_overall,A
r08,pair_039,q_stability,A
r08,pair_043,q_overall,B
r08,pair_043,q_stability,B
r08,pair_044,q_overall,B
r08,pair_044,q_stability,B
r08,pair_045,q_overall,B
r08,pair_045,q_stability,A
r08,pair_050,q_overall,A
r08,pair_050,q_stability,A
r08,pair_065,q_overall,B
r08,pair_065,q_stability,A
r08,pair_067,q_overall,A
r08,pair_067,q_stability,A
r08,pair_074,q_overall,B
r08,pair_074,q_stability,A
r09,pair_001,q_overall,B
r09,pair_001,q_stability,B
r09,pair_007,q_overall,B
r09,pair_007,q_stability,B
r09,pair_009,q_overall,B
r09,pair_009,q_stability,B
r09,pair_018,q_overall,B
r09,pair_018,q_stability,B
r09,pair_028,q_overall,B
r09,pair_028,q_stability,B
r09,pair_040,q_overall,A
r09,pair_040,q_stability,A
r09,pair_041,q_overall,B
r09,pair_041,q_stability,B
r09,pair_048,q_overall,B
r09,pair_048,q_stability,B
r09,pair_051,q_overall,B
r09,pair_051,q_stability,B
r09,pair_061,q_overall,A
r09,pair_061,q_stability,A
r09,pair_063,q_overall,A
r09,pair_063,q_stability,A
r09,pair_070,q_overall,B
r09,pair_070,q_stability,B
r09,pair_073,q_overall,B
r09,pair_073,q_stability,B
r09,pair_077,q_overall,A
r09,pair_077,q_stability,B
r09,pair_083,q_overall,A
r09,pair_083,q_stability,A
r10,pair_001,q_overall,B
r10,pair_001,q_stability,B
r10,pair_007,q_overall,B
r10,pair_007,q_stability,B
r10,pair_009,q_overall,A
r10,pair_009,q_stability,A
r10,pair_018,q_overall,B
r10,pair_018,q_stability,B
r10,pair_028,q_overall,B
r10,pair_028,q_stability,B
r10,pair_040,q_overall,A
r10,pair_040,q_stability,A
r10,pair_041,q_overall,A
r10,pair_041,q_stability,A
r10,pair_048,q_overall,B
r10,pair_048,q_stability,B
r10,pair_051,q_overall,B
r10,pair_051,q_stability,B
r10,pair_061,q_overall,B
r10,pair_061,q_stability,B
r10,pair_063,q_overall,A
r10,pair_063,q_stability,A
r10,pair_070,q_overall,B
r10,pair_070,q_stability,B
r10,pair_073,q_overall,B
r10,pair_073,q_stability,B
r10,pair_077,q_overall,B
r10,pair_077,q_stability,B
r10,pair_083,q_overall,A
r10,pair_083,q_stability,A
r11,pair_003,q_overall,B
r11,pair_003,q_stability,A
r11,pair_005,q_overall,A
r11,pair_005,q_stability,A
r11,pair_015,q_overall,B
r11,pair_015,q_stability,B
r11,pair_017,q_overall,A
r11,pair_017,q_stability,B
r11,pair_032,q_overall,B
r11,pair_032,q_stability,A
r11,pair_034,q_overall,A
r11,pair_034,q_stability,A
r11,pair_046,q_overall,A
r11,pair_046,q_stability,A
r11,pair_054,q_overall,A
r11,pair_054,q_stability,B
r11,pair_057,q_overall,B
r11,pair_057,q_stability,A
r11,pair_058,q_overall,B
r11,pair_058,q_stability,B
r11,pair_071,q_overall,A
r11,pair_071,q_stability,A
r11,pair_075,q_overall,A
r11,pair_075,q_stability,A
r11,pair_076,q_overall,A
r11,pair_076,q_stability,A
r11,pair_078,q_overall,B
r11,pair_078,q_stability,B
r11,pair_084,q_overall,B
r11,pair_084,q_stability,B
r12,pair_001,q_overall,B
r12,pair_001,q_stability,B
r12,pair_007,q_overall,B
r12,pair_007,q_stability,B
r12,pair_009,q_overall,A
r12,pair_009,q_stability,B
r12,pair_018,q_overall,B
r12,pair_018,q_stability,B
r12,pair_028,q_overall,A
r12,pair_028,q_stability,A
r12,pair_040,q_overall,A
r12,pair_040,q_stability,A
r12,pair_041,q_overall,B
r12,pair_041,q_stability,A
r12,pair_048,q_overall,B
r12,pair_048,q_stability,B
r12,pair_051,q_overall,B
r12,pair_051,q_stability,B
r12,pair_061,q_overall,B
r12,pair_061,q_stability,B
r12,pair_063,q_overall,A
r12,pair_063,q_stability,B
r12,pair_070,q_overall,B
r12,pair_070,q_stability,B
r12,pair_073,q_overall,B
r12,pair_073,q_stability,B
r12,pair_077,q_overall,A
r12,pair_077,q_stability,A
r12,pair_083,q_overall,A
r12,pair_083,q_stability,A
r13,pair_010,q_overall,B
r13,pair_010,q_stability,B
r13,pair_016,q_overall,A
r13,pair_016,q_stability,B
r13,pair_018,q_overall,B
r13,pair_018,q_stability,B
r13,pair_019,q_overall,B
r13,pair_019,q_stability,B
r13,pair_022,q_overall,A
r13,pair_022,q_stability,B
r13,pair_035,q_overall,A
r13,pair_035,q_stability,B
r13,pair_047,q_overall,B
r13,pair_047,q_stability,B
r13,pair_053,q_overall,B
r13,pair_053,q_stability,B
r13,pair_059,q_overall,B
r13,pair_059,q_stability,B
r13,pair_069,q_overall,A
r13,pair_069,q_stability,A
r13,pair_072,q_overall,B
r13,pair_072,q_stability,A
r13,pair_076,q_overall,B
r13,pair_076,q_stability,B
r13,pair_079,q_overall,B
r13,pair_079,q_stability,B
r13,pair_080,q_overall,B
r13,pair_080,q_stability,B
r13,pair_082,q_overall,A
r13,pair_082,q_stability,A
r14,pair_003,q_overall,B
r14,pair_003,q_stability,A
r14,pair_005,q_overall,A
r14,pair_005,q_stability,A
r14,pair_015,q_overall,B
r14,pair_015,q_stability,B
r14,pair_017,q_overall,A
r14,pair_017,q_stability,A
r14,pair_032,q_overall,B
r14,pair_032,q_stability,B
r14,pair_034,q_overall,A
r14,pair_034,q_stability,A
r14,pair_046,q_overall,A
r14,pair_046,q_stability,A
r14,pair_054,q_overall,A
r14,pair_054,q_stability,B
r14,pair_057,q_overall,B
r14,pair_057,q_stability,B
r14,pair_058,q_overall,B
r14,pair_058,q_stability,B
r14,pair_071,q_overall,B
r14,pair_071,q_stability,A
r14,pair_075,q_overall,A
r14,pair_075,q_stability,A
r14,pair_076,q_overall,A
r14,pair_076,q_stability,A
r14,pair_078,q_overall,B
r14,pair_078,q_stability,B
r14,pair_084,q_overall,B
r14,pair_084,q_stability,B
r15,pair_003,q_overall,B
r15,pair_003,q_stability,A
r15,pair_005,q_overall,A
r15,pair_005,q_stability,A
r15,pair_015,q_overall,B
r15,pair_015,q_stability,B
r15,pair_017,q_overall,A
r15,pair_017,q_stability,B
r15,pair_032,q_overall,B
r15,pair_032,q_stability,B
r15,pair_034,q_overall,A
r15,pair_034,q_stability,A
r15,pair_046,q_overall,A
r15,pair_046,q_stability,A
r15,pair_054,q_overall,A
r15,pair_054,q_stability,A
r15,pair_057,q_overall,B
r15,pair_057,q_stability,A
r15,pair_058,q_overall,B
r15,pair_058,q_stability,B
r15,pair_071,q_overall,A
r15,pair_071,q_stability,A
r15,pair_075,q_overall,A
r15,pair_075,q_stability,A
r15,pair_076,q_overall,A
r15,pair_076,q_stability,A
r15,pair_078,q_overall,B
r15,pair_078,q_stability,B
r15,pair_084,q_overall,B
r15,pair_084,q_stability,B
r16,pair_009,q_overall,A
r16,pair_009,q_stability,B
r16,pair_011,q_overall,A
r16,pair_011,q_stability,A
r16,pair_012,q_overall,A
r16,pair_012,q_stability,A
r16,pair_013,q_overall,B
r16,pair_013,q_stability,A
r16,pair_027,q_overall,B
r16,pair_027,q_stability,A
r16,pair_030,q_overall,B
r16,pair_030,q_stability,A
r16,pair_038,q_overall,A
r16,pair_038,q_stability,A
r16,pair_039,q_overall,A
r16,pair_039,q_stability,B
r16,pair_043,q_overall,B
r16,pair_043,q_stability,A
r16,pair_044,q_overall,B
r16,pair_044,q_stability,A
r16,pair_045,q_overall,A
r16,pair_045,q_stability,A
r16,pair_050,q_overall,A
r16,pair_050,q_stability,B
r16,pair_065,q_overall,B
r16,pair_065,q_stability,B
r16,pair_067,q_overall,A
r16,pair_067,q_stability,B
r16,pair_074,q_overall,B
r16,pair_074,q_stability,A
r17,pair_001,q_overall,B
r17,pair_001,q_stability,B
r17,pair_007,q_overall,B
r17,pair_007,q_stability,B
r17,pair_009,q_overall,A
r17,pair_009,q_stability,B
r17,pair_018,q_overall,B
r17,pair_018,q_stability,B
r17,pair_028,q_overall,B
r17,pair_028,q_stability,B
r17,pair_040,q_overall,A
r17,pair_040,q_stability,A
r17,pair_041,q_overall,B
r17,pair_041,q_stability,A
r17,pair_048,q_overall,B
r17,pair_048,q_stability,B
r17,pair_051,q_overall,B
r17,pair_051,q_stability,B
r17,pair_061,q_overall,B
r17,pair_061,q_stability,B
r17,pair_063,q_overall,B
r17,pair_063,q_stability,B
r17,pair_070,q_overall,B
r17,pair_070,q_stability,B
r17,pair_073,q_overall,B
r17,pair_073,q_stability,B
r17,pair_077,q_overall,A
r17,pair_077,q_stability,B
r17,pair_083,q_overall,A
r17,pair_083,q_stability,A
r18,pair_010,q_overall,B
r18,pair_010,q_stability,B
r18,pair_016,q_overall,B
r18,pair_016,q_stability,B
r18,pair_018,q_overall,B
r18,pair_018,q_stability,B
r18,pair_019,q_overall,B
r18,pair_019,q_stability,B
r18,pair_022,q_overall,B
r18,pair_022,q_stability,B
r18,pair_035,q_overall,B
r18,pair_035,q_stability,B
r18,pair_047,q_overall,B
r18,pair_047,q_stability,B
r18,pair_053,q_overall,B
r18,pair_053,q_stability,B
r18,pair_059,q_overall,B
r18,pair_059,q_stability,B
r18,pair_069,q_overall,A
r18,pair_069,q_stability,A
r18,pair_072,q_overall,B
r18,pair_072,q_stability,A
r18,pair_076,q_overall,A
r18,pair_076,q_stability,A
r18,pair_079,q_overall,B
r18,pair_079,q_stability,B
r18,pair_080,q_overall,B
r18,pair_080,q_stability,B
r18,pair_082,q_overall,B
r18,pair_082,q_stability,A
r19,pair_004,q_overall,A
r19,pair_004,q_stability,A
r19,pair_006,q_overall,A
r19,pair_006,q_stability,B
r19,pair_008,q_overall,A
r19,pair_008,q_stability,B
r19,pair_012,q_overall,A
r19,pair_012,q_stability,A
r19,pair_020,q_overall,B
r19,pair_020,q_stability,A
r19,pair_023,q_overall,A
r19,pair_023,q_stability,B
r19,pair_024,q_overall,B
r19,pair_024,q_stability,B
r19,pair_029,q_overall,A
r19,pair_029,q_stability,A
r19,pair_037,q_overall,A
r19,pair_037,q_stability,A
r19,pair_042,q_overall,A
r19,pair_042,q_stability,A
r19,pair_055,q_overall,B
r19,pair_055,q_stability,B
r19,pair_056,q_overall,B
r19,pair_056,q_stability,B
r19,pair_060,q_overall,B
r19,pair_060,q_stability,A
r19,pair_064,q_overall,B
r19,pair_064,q_stability,B
r19,pair_081,q_overall,B
r19,pair_081,q_stability,B
r20,pair_002,q_overall,B
r20,pair_002,q_stability,A
r20,pair_014,q_overall,A
r20,pair_014,q_stability,B
r20,pair_015,q_overall,B
r20,pair_015,q_stability,B
r20,pair_021,q_overall,B
r20,pair_021,q_stability,B
r20,pair_025,q_overall,B
r20,pair_025,q_stability,B
r20,pair_026,q_overall,A
r20,pair_026,q_stability,A
r20,pair_031,q_overall,B
r20,pair_031,q_stability,A
r20,pair_033,q_overall,A
r20,pair_033,q_stability,B
r20,pair_036,q_overall,A
r20,pair_036,q_stability,A
r20,pair_049,q_overall,A
r20,pair_049,q_stability,A
r20,pair_052,q_overall,B
r20,pair_052,q_stability,B
r20,pair_056,q_overall,B
r20,pair_056,q_stability,B
r20,pair_062,q_overall,B
r20,pair_062,q_stability,A
r20,pair_066,q_overall,B
r20,pair_066,q_stability,B
r20,pair_068,q_overall,B
r20,pair_068,q_stability,A
r21,pair_009,q_overall,B
r21,pair_009,q_stability,B
r21,pair_011,q_overall,A
r21,pair_011,q_stability,A
r21,pair_012,q_overall,A
r21,pair_012,q_stability,A
r21,pair_013,q_overall,A
r21,pair_013,q_stability,A
r21,pair_027,q_overall,A
r21,pair_027,q_stability,A
r21,pair_030,q_overall,B
r21,pair_030,q_stability,B
r21,pair_038,q_overall,A
r21,pair_038,q_stability,A
r21,pair_039,q_overall,A
r21,pair_039,q_stability,A
r21,pair_043,q_overall,B
r21,pair_043,q_stability,A
r21,pair_044,q_overall,B
r21,pair_044,q_stability,A
r21,pair_045,q_overall,A
r21,pair_045,q_stability,A
r21,pair_050,q_overall,A
r21,pair_050,q_stability,B
r21,pair_065,q_overall,A
r21,pair_065,q_stability,B
r21,pair_067,q_overall,A
r21,pair_067,q_stability,B
r21,pair_074,q_overall,B
r21,pair_074,q_stability,B
r22,pair_002,q_overall,B
r22,pair_002,q_stability,B
r22,pair_014,q_overall,A
r22,pair_014,q_stability,A
r22,pair_015,q_overall,B
r22,pair_015,q_stability,B
r22,pair_021,q_overall,B
r22,pair_021,q_stability,B
r22,pair_025,q_overall,B
r22,pair_025,q_stability,B
r22,pair_026,q_overall,A
r22,pair_026,q_stability,A
r22,pair_031,q_overall,B
r22,pair_031,q_stability,B
r22,pair_033,q_overall,A
r22,pair_033,q_stability,A
r22,pair_036,q_overall,A
r22,pair_036,q_stability,A
r22,pair_049,q_overall,A
r22,pair_049,q_stability,A
r22,pair_052,q_overall,B
r22,pair_052,q_stability,B
r22,pair_056,q_overall,B
r22,pair_056,q_stability,B
r22,pair_062,q_overall,B
r22,pair_062,q_stability,A
r22,pair_066,q_overall,B
r22,pair_066,q_stability,B
r22,pair_068,q_overall,B
r22,pair_068,q_stability,A
r23,pair_010,q_overall,B
r23,pair_010,q_stability,B
r23,pair_016,q_overall,B
r23,pair_016,q_stability,B
r23,pair_018,q_overall,B
r23,pair_018,q_stability,B
r23,pair_019,q_overall,B
r23,pair_019,q_stability,B
r23,pair_022,q_overall,A
r23,pair_022,q_stability,A
r23,pair_035,q_overall,A
r23,pair_035,q_stability,A
r23,pair_047,q_overall,B
r23,pair_047,q_stability,B
r23,pair_053,q_overall,B
r23,pair_053,q_stability,B
r23,pair_059,q_overall,B
r23,pair_059,q_stability,B
r23,pair_069,q_overall,B
r23,pair_069,q_stability,B
r23,pair_072,q_overall,B
r23,pair_072,q_stability,B
r23,pair_076,q_overall,B
r23,pair_076,q_stability,B
r23,pair_079,q_overall,B
r23,pair_079,q_stability,B
r23,pair_080,q_overall,B
r23,pair_080,q_stability,B
r23,pair_082,q_overall,B
r23,pair_082,q_stability,B
r24,pair_004,q_overall,A
r24,pair_004,q_stability,A
r24,pair_006,q_overall,A
r24,pair_006,q_stability,A
r24,pair_008,q_overall,A
r24,pair_008,q_stability,B
r24,pair_012,q_overall,A
r24,pair_012,q_stability,A
r24,pair_020,q_overall,B
r24,pair_020,q_stability,A
r24,pair_023,q_overall,A
r24,pair_023,q_stability,B
r24,pair_024,q_overall,B
r24,pair_024,q_stability,B
r24,pair_029,q_overall,A
r24,pair_029,q_stability,A
r24,pair_037,q_overall,B
r24,pair_037,q_stability,A
r24,pair_042,q_overall,B
r24,pair_042,q_stability,A
r24,pair_055,q_overall,B
r24,pair_055,q_stability,B
r24,pair_056,q_overall,B
r24,pair_056,q_stability,B
r24,pair_060,q_overall,B
r24,pair_060,q_stability,A
r24,pair_064,q_overall,B
r24,pair_064,q_stability,B
r24,pair_081,q_overall,A
r24,pair_081,q_stability,A
r25,pair_009,q_overall,A
r25,pair_009,q_stability,A
r25,pair_011,q_overall,B
r25,pair_011,q_stability,A
r25,pair_012,q_overall,A
r25,pair_012,q_stability,A
r25,pair_013,q_overall,B
r25,pair_013,q_stability,A
r25,pair_027,q_overall,B
r25,pair_027,q_stability,B
r25,pair_030,q_overall,B
r25,pair_030,q_stability,A
r25,pair_038,q_overall,A
r25,pair_038,q_stability,B
r25,pair_039,q_overall,A
r25,pair_039,q_stability,A
r25,pair_043,q_overall,B
r25,pair_043,q_stability,B
r25,pair_044,q_overall,A
r25,pair_044,q_stability,B
r25,pair_045,q_overall,A
r25,pair_045,q_stability,A
r25,pair_050,q_overall,B
r25,pair_050,q_stability,B
r25,pair_065,q_overall,A
r25,pair_065,q_stability,B
r25,pair_067,q_overall,B
r25,pair_067,q_stability,A
r25,pair_074,q_overall,A
r25,pair_074,q_stability,B
r26,pair_004,q_overall,A
r26,pair_004,q_stability,A
r26,pair_006,q_overall,A
r26,pair_006,q_stability,A
r26,pair_008,q_overall,A
r26,pair_008,q_stability,A
r26,pair_012,q_overall,A
r26,pair_012,q_stability,A
r26,pair_020,q_overall,B
r26,pair_020,q_stability,A
r26,pair_023,q_overall,A
r26,pair_023,q_stability,A
r26,pair_024,q_overall,B
r26,pair_024,q_stability,B
r26,pair_029,q_overall,A
r26,pair_029,q_stability,A
r26,pair_037,q_overall,A
r26,pair_037,q_stability,A
r26,pair_042,q_overall,A
r26,pair_042,q_stability,A
r26,pair_055,q_overall,B
r26,pair_055,q_stability,B
r26,pair_056,q_overall,B
r26,pair_056,q_stability,B
r26,pair_060,q_overall,B
r26,pair_060,q_stability,A
r26,pair_064,q_overall,B
r26,pair_064,q_stability,B
r26,pair_081,q_overall,A
r26,pair_081,q_stability,B
r27,pair_010,q_overall,B
r27,pair_010,q_stability,B
r27,pair_016,q_overall,B
r27,pair_016,q_stability,B
r27,pair_018,q_overall,B
r27,pair_018,q_stability,B
r27,pair_019,q_overall,A
r27,pair_019,q_stability,A
r27,pair_022,q_overall,A
r27,pair_022,q_stability,A
r27,pair_035,q_overall,A
r27,pair_035,q_stability,A
r27,pair_047,q_overall,B
r27,pair_047,q_stability,B
r27,pair_053,q_overall,B
r27,pair_053,q_stability,B
r27,pair_059,q_overall,B
r27,pair_059,q_stability,B
r27,pair_069,q_overall,A
r27,pair_069,q_stability,A
r27,pair_072,q_overall,B
r27,pair_072,q_stability,B
r27,pair_076,q_overall,B
r27,pair_076,q_stability,B
r27,pair_079,q_overall,B
r27,pair_079,q_stability,B
r27,pair_080,q_overall,B
r27,pair_080,q_stability,B
r27,pair_082,q_overall,B
r27,pair_082,q_stability,B
r28,pair_001,q_overall,B
r28,pair_001,q_stability,B
r28,pair_007,q_overall,B
r28,pair_007,q_stability,A
r28,pair_009,q_overall,B
r28,pair_009,q_stability,B
r28,pair_018,q_overall,B
r28,pair_018,q_stability,B
r28,pair_028,q_overall,B
r28,pair_028,q_stability,A
r28,pair_040,q_overall,A
r28,pair_040,q_stability,B
r28,pair_041,q_overall,A
r28,pair_041,q_stability,A
r28,pair_048,q_overall,B
r28,pair_048,q_stability,A
r28,pair_051,q_overall,B
r28,pair_051,q_stability,A
r28,pair_061,q_overall,A
r28,pair_061,q_stability,B
r28,pair_063,q_overall,A
r28,pair_063,q_stability,B
r28,pair_070,q_overall,B
r28,pair_070,q_stability,A
r28,pair_073,q_overall,A
r28,pair_073,q_stability,B
r28,pair_077,q_overall,A
r28,pair_077,q_stability,B
r28,pair_083,q_overall,A
r28,pair_083,q_stability,A
r29,pair_003,q_overall,B
r29,pair_003,q_stability,A
r29,pair_005,q_overall,A
r29,pair_005,q_stability,A
r29,pair_015,q_overall,B
r29,pair_015,q_stability,B
r29,pair_017,q_overall,A
r29,pair_017,q_stability,A
r29,pair_032,q_overall,B
r29,pair_032,q_stability,B
r29,pair_034,q_overall,A
r29,pair_034,q_stability,A
r29,pair_046,q_overall,A
r29,pair_046,q_stability,A
r29,pair_054,q_overall,A
r29,pair_054,q_stability,A
r29,pair_057,q_overall,B
r29,pair_057,q_stability,B
r29,pair_058,q_overall,B
r29,pair_058,q_stability,B
r29,pair_071,q_overall,A
r29,pair_071,q_stability,A
r29,pair_075,q_overall,A
r29,pair_075,q_stability,A
r29,pair_076,q_overall,B
r29,pair_076,q_stability,B
r29,pair_078,q_overall,B
r29,pair_078,q_stability,B
r29,pair_084,q_overall,B
r29,pair_084,q_stability,B
r30,pair_002,q_overall,A
r30,pair_002,q_stability,A
r30,pair_014,q_overall,B
r30,pair_014,q_stability,B
r30,pair_015,q_overall,B
r30,pair_015,q_stability,B
r30,pair_021,q_overall,B
r30,pair_021,q_stability,B
r30,pair_025,q_overall,B
r30,pair_025,q_stability,B
r30,pair_026,q_overall,A
r30,pair_026,q_stability,A
r30,pair_031,q_overall,A
r30,pair_031,q_stability,A
r30,pair_033,q_overall,B
r30,pair_033,q_stability,B
r30,pair_036,q_overall,B
r30,pair_036,q_stability,B
r30,pair_049,q_overall,A
r30,pair_049,q_stability,A
r30,pair_052,q_overall,B
r30,pair_052,q_stability,B
r30,pair_056,q_overall,B
r30,pair_056,q_stability,B
r30,pair_062,q_overall,A
r30,pair_062,q_stability,A
r30,pair_066,q_overall,B
r30,pair_066,q_stability,B
r30,pair_068,q_overall,B
r30,pair_068,q_stability,B
r31,pair_002,q_overall,B
r31,pair_002,q_stability,B
r31,pair_014,q_overall,A
r31,pair_014,q_stability,A
r31,pair_015,q_overall,B
r31,pair_015,q_stability,B
r31,pair_021,q_overall,B
r31,pair_021,q_stability,B
r31,pair_025,q_overall,A
r31,pair_025,q_stability,A
r31,pair_026,q_overall,B
r31,pair_026,q_stability,B
r31,pair_031,q_overall,B
r31,pair_031,q_stability,B
r31,pair_033,q_overall,A
r31,pair_033,q_stability,A
r31,pair_036,q_overall,A
r31,pair_036,q_stability,A
r31,pair_049,q_overall,B
r31,pair_049,q_stability,B
r31,pair_052,q_overall,B
r31,pair_052,q_stability,B
r31,pair_056,q_overall,B
r31,pair_056,q_stability,B
r31,pair_062,q_overall,B
r31,pair_062,q_stability,B
r31,pair_066,q_overall,B
r31,pair_066,q_stability,B
r31,pair_068,q_overall,B
r31,pair_068,q_stability,B
r32,pair_002,q_overall,B
r32,pair_002,q_stability,B
r32,pair_014,q_overall,A
r32,pair_014,q_stability,A
r32,pair_015,q_overall,B
r32,pair_015,q_stability,B
r32,pair_021,q_overall,B
r32,pair_021,q_stability,B
r32,pair_025,q_overall,A
r32,pair_025,q_stability,A
r32,pair_026,q_overall,B
r32,pair_026,q_stability,B
r32,pair_031,q_overall,B
r32,pair_031,q_stability,B
r32,pair_033,q_overall,A
r32,pair_033,q_stability,A
r32,pair_036,q_overall,A
r32,pair_036,q_stability,A
r32,pair_049,q_overall,B
r32,pair_049,q_stability,B
r32,pair_052,q_overall,B
r32,pair_052,q_stability,B
r32,pair_056,q_overall,B
r32,pair_056,q_stability,B
r32,pair_062,q_overall,B
r32,pair_062,q_stability,B
r32,pair_066,q_overall,B
r32,pair_066,q_stability,B
r32,pair_068,q_overall,B
r32,pair_068,q_stability,B
r33,pair_002,q_overall,B
r33,pair_002,q_stability,B
r33,pair_014,q_overall,A
r33,pair_014,q_stability,A
r33,pair_015,q_overall,B
r33,pair_015,q_stability,B
r33,pair_021,q_overall,B
r33,pair_021,q_stability,B
r33,pair_025,q_overall,B
r33,pair_025,q_stability,B
r33,pair_026,q_overall,A
r33,pair_026,q_stability,A
r33,pair_031,q_overall,A
r33,pair_031,q_stability,A
r33,pair_033,q_overall,A
r33,pair_033,q_stability,A
r33,pair_036,q_overall,A
r33,pair_036,q_stability,A
r33,pair_049,q_overall,A
r33,pair_049,q_stability,A
r33,pair_052,q_overall,B
r33,pair_052,q_stability,B
r33,pair_056,q_overall,B
r33,pair_056,q_stability,B
r33,pair_062,q_overall,B
r33,pair_062,q_stability,B
r33,pair_066,q_overall,B
r33,pair_066,q_stability,B
r33,pair_068,q_overall,B
r33,pair_068,q_stability,B
